,Sample,Baking temperature (Â°C),Baking time (hours),Resistive switching film,Bottom electrode material,Top electrode material,Reset voltage
0,Sample_1,140.0,2.0,0,0,2,-3.52
1,Sample_1,140.0,2.0,0,0,2,-2.75
2,Sample_1,140.0,2.0,0,0,2,-2.45
3,Sample_1,140.0,2.0,0,0,2,-2.3
4,Sample_1,140.0,2.0,0,0,2,-2.67
5,Sample_1,140.0,2.0,0,0,2,-2.6
6,Sample_1,140.0,2.0,0,0,2,-0.075
7,Sample_1,140.0,2.0,0,0,2,-1.5
8,Sample_1,140.0,2.0,0,0,2,-0.7
9,Sample_1,140.0,2.0,0,0,2,-0.725
10,Sample_1,140.0,2.0,0,0,2,-0.125
11,Sample_1,140.0,2.0,0,0,2,-2.8
12,Sample_1,140.0,2.0,0,0,2,-2.05
13,Sample_1,140.0,2.0,0,0,2,-3.175
14,Sample_1,140.0,2.0,0,0,2,-3.05
15,Sample_1,140.0,2.0,0,0,2,-0.1
16,Sample_1,140.0,2.0,0,0,2,-1.4
17,Sample_1,140.0,2.0,0,0,2,-1.63
18,Sample_1,140.0,2.0,0,0,2,-2.47
19,Sample_1,140.0,2.0,0,0,2,-1.6
20,Sample_1,140.0,2.0,0,0,2,-1.2
21,Sample_1,140.0,2.0,0,0,2,-2.8
22,Sample_1,140.0,2.0,0,0,2,-4.725
23,Sample_1,140.0,2.0,0,0,2,-2.0
24,Sample_1,140.0,2.0,0,0,2,-0.15
25,Sample_1,140.0,2.0,0,0,2,-0.475
26,Sample_1,140.0,2.0,0,0,2,-2.93
27,Sample_1,140.0,2.0,0,0,2,-3.02
28,Sample_1,140.0,2.0,0,0,2,-4.5
29,Sample_1,140.0,2.0,0,0,2,-3.15
30,Sample_1,140.0,2.0,0,0,2,-2.1
31,Sample_1,140.0,2.0,0,0,2,-0.35
32,Sample_1,140.0,2.0,0,0,2,-1.4
33,Sample_1,140.0,2.0,0,0,2,-3.17
34,Sample_1,140.0,2.0,0,0,2,-6.67
35,Sample_1,140.0,2.0,0,0,2,-2.6
36,Sample_1,140.0,2.0,0,0,2,-0.05
37,Sample_1,140.0,2.0,0,0,2,-2.05
38,Sample_1,140.0,2.0,0,0,2,-0.2
39,Sample_1,140.0,2.0,0,0,2,-1.03
40,Sample_1,140.0,2.0,0,0,2,-2.05
41,Sample_1,140.0,2.0,0,0,2,-0.4
42,Sample_1,140.0,2.0,0,0,2,-3.53
43,Sample_1,140.0,2.0,0,0,2,-1.98
44,Sample_1,140.0,2.0,0,0,2,-0.975
45,Sample_1,140.0,2.0,0,0,2,-2.2
46,Sample_1,140.0,2.0,0,0,2,-1.67
47,Sample_1,140.0,2.0,0,0,2,-1.1
48,Sample_1,140.0,2.0,0,0,2,-1.25
49,Sample_1,140.0,2.0,0,0,2,-0.925
50,Sample_1,140.0,2.0,0,0,2,-3.0
51,Sample_1,140.0,2.0,0,0,2,-2.4
52,Sample_1,140.0,2.0,0,0,2,-2.6
53,Sample_1,140.0,2.0,0,0,2,-2.1
54,Sample_1,140.0,2.0,0,0,2,-2.0
55,Sample_1,140.0,2.0,0,0,2,-1.1
56,Sample_1,140.0,2.0,0,0,2,-2.8
57,Sample_1,140.0,2.0,0,0,2,-0.625
58,Sample_1,140.0,2.0,0,0,2,-6.72
59,Sample_1,140.0,2.0,0,0,2,-0.85
60,Sample_1,140.0,2.0,0,0,2,-0.8
61,Sample_1,140.0,2.0,0,0,2,-2.85
62,Sample_1,140.0,2.0,0,0,2,-1.72
63,Sample_1,140.0,2.0,0,0,2,-8.27
64,Sample_1,140.0,2.0,0,0,2,-1.77
65,Sample_1,140.0,2.0,0,0,2,-4.7
66,Sample_1,140.0,2.0,0,0,2,-5.65
67,Sample_1,140.0,2.0,0,0,2,-2.375
68,Sample_1,140.0,2.0,0,0,2,-3.05
69,Sample_1,140.0,2.0,0,0,2,-0.075
70,Sample_1,140.0,2.0,0,0,2,-3.525
71,Sample_1,140.0,2.0,0,0,2,-0.2
72,Sample_1,140.0,2.0,0,0,2,-0.875
73,Sample_1,140.0,2.0,0,0,2,-0.625
74,Sample_1,140.0,2.0,0,0,2,-0.85
75,Sample_1,140.0,2.0,0,0,2,-6.25
76,Sample_1,140.0,2.0,0,0,2,-1.2
77,Sample_1,140.0,2.0,0,0,2,-2.18
78,Sample_1,140.0,2.0,0,0,2,-4.5
79,Sample_1,140.0,2.0,0,0,2,-2.975
80,Sample_1,140.0,2.0,0,0,2,-2.475
81,Sample_1,140.0,2.0,0,0,2,-2.525
82,Sample_1,140.0,2.0,0,0,2,-2.45
83,Sample_1,140.0,2.0,0,0,2,-0.575
84,Sample_1,140.0,2.0,0,0,2,-0.825
85,Sample_1,140.0,2.0,0,0,2,-0.75
86,Sample_1,140.0,2.0,0,0,2,-1.1
88,Sample_1,140.0,2.0,0,0,2,-2.35
89,Sample_1,140.0,2.0,0,0,2,-2.17
90,Sample_1,140.0,2.0,0,0,2,-2.27
91,Sample_1,140.0,2.0,0,0,2,-2.25
92,Sample_1,140.0,2.0,0,0,2,-5.82
93,Sample_1,140.0,2.0,0,0,2,-0.5
94,Sample_1,140.0,2.0,0,0,2,-0.1
95,Sample_1,140.0,2.0,0,0,2,-0.975
96,Sample_1,140.0,2.0,0,0,2,-2.22
97,Sample_1,140.0,2.0,0,0,2,-2.35
98,Sample_1,140.0,2.0,0,0,2,-2.42
99,Sample_1,140.0,2.0,0,0,2,-0.35
100,Sample_1,140.0,2.0,0,0,2,-0.55
101,Sample_1,140.0,2.0,0,0,2,-0.725
102,Sample_1,140.0,2.0,0,0,2,-0.575
103,Sample_1,140.0,2.0,0,0,2,-2.25
104,Sample_1,140.0,2.0,0,0,2,-2.27
105,Sample_1,140.0,2.0,0,0,2,-2.25
106,Sample_1,140.0,2.0,0,0,2,-1.17
107,Sample_1,140.0,2.0,0,0,2,-1.67
108,Sample_1,140.0,2.0,0,0,2,-1.37
109,Sample_1,140.0,2.0,0,0,2,-1.75
110,Sample_1,140.0,2.0,0,0,2,-1.77
111,Sample_1,140.0,2.0,0,0,2,-2.87
112,Sample_1,140.0,2.0,0,0,2,-2.0
113,Sample_1,140.0,2.0,0,0,2,-1.47
114,Sample_1,140.0,2.0,0,0,2,-1.55
115,Sample_1,140.0,2.0,0,0,2,-1.0
116,Sample_1,140.0,2.0,0,0,2,-0.525
117,Sample_1,140.0,2.0,0,0,2,-1.75
118,Sample_1,140.0,2.0,0,0,2,-1.625
119,Sample_1,140.0,2.0,0,0,2,-1.6
120,Sample_1,140.0,2.0,0,0,2,-0.675
121,Sample_1,140.0,2.0,0,0,2,-2.05
122,Sample_1,140.0,2.0,0,0,2,2.15
123,Sample_1,140.0,2.0,0,0,2,-0.375
124,Sample_1,140.0,2.0,0,0,2,-0.625
125,Sample_1,140.0,2.0,0,0,2,-2.325
126,Sample_1,140.0,2.0,0,0,2,-0.575
127,Sample_1,140.0,2.0,0,0,2,-1.77
128,Sample_1,140.0,2.0,0,0,2,-0.475
129,Sample_1,140.0,2.0,0,0,2,-2.25
130,Sample_1,140.0,2.0,0,0,2,-2.17
131,Sample_1,140.0,2.0,0,0,2,-1.2
132,Sample_1,140.0,2.0,0,0,2,-1.225
133,Sample_1,140.0,2.0,0,0,2,-2.47
134,Sample_1,140.0,2.0,0,0,2,-1.275
135,Sample_1,140.0,2.0,0,0,2,-0.1
136,Sample_1,140.0,2.0,0,0,2,-5.62
137,Sample_1,140.0,2.0,0,0,2,-6.0
138,Sample_1,140.0,2.0,0,0,2,-0.75
139,Sample_1,140.0,2.0,0,0,2,-1.85
140,Sample_1,140.0,2.0,0,0,2,-0.475
141,Sample_1,140.0,2.0,0,0,2,-4.25
142,Sample_1,140.0,2.0,0,0,2,-1.95
143,Sample_1,140.0,2.0,0,0,2,-1.15
144,Sample_1,140.0,2.0,0,0,2,-8.57
145,Sample_1,140.0,2.0,0,0,2,-4.12
146,Sample_1,140.0,2.0,0,0,2,-4.85
222,Sample_2,140.0,4.0,0,0,2,-2.4
223,Sample_2,140.0,4.0,0,0,2,-4.9
224,Sample_2,140.0,4.0,0,0,2,-1.9
225,Sample_2,140.0,4.0,0,0,2,-1.2
226,Sample_2,140.0,4.0,0,0,2,-0.6
227,Sample_2,140.0,4.0,0,0,2,-3.0
228,Sample_2,140.0,4.0,0,0,2,-2.95
229,Sample_2,140.0,4.0,0,0,2,-1.82
230,Sample_2,140.0,4.0,0,0,2,-1.42
231,Sample_2,140.0,4.0,0,0,2,-2.05
232,Sample_2,140.0,4.0,0,0,2,-1.65
233,Sample_2,140.0,4.0,0,0,2,-2.0
234,Sample_2,140.0,4.0,0,0,2,-1.875
235,Sample_2,140.0,4.0,0,0,2,-0.15
236,Sample_2,140.0,4.0,0,0,2,-2.35
237,Sample_2,140.0,4.0,0,0,2,-0.825
238,Sample_2,140.0,4.0,0,0,2,-2.0
239,Sample_2,140.0,4.0,0,0,2,-1.35
240,Sample_2,140.0,4.0,0,0,2,-1.15
241,Sample_2,140.0,4.0,0,0,2,-1.27
242,Sample_2,140.0,4.0,0,0,2,-1.4
243,Sample_2,140.0,4.0,0,0,2,-1.87
244,Sample_2,140.0,4.0,0,0,2,-0.475
245,Sample_2,140.0,4.0,0,0,2,-1.85
246,Sample_2,140.0,4.0,0,0,2,-3.3
247,Sample_2,140.0,4.0,0,0,2,-2.45
248,Sample_2,140.0,4.0,0,0,2,-5.1
249,Sample_2,140.0,4.0,0,0,2,-3.07
250,Sample_2,140.0,4.0,0,0,2,-0.35
251,Sample_2,140.0,4.0,0,0,2,-6.7
252,Sample_2,140.0,4.0,0,0,2,-2.1
253,Sample_2,140.0,4.0,0,0,2,-1.2
254,Sample_2,140.0,4.0,0,0,2,-0.625
255,Sample_2,140.0,4.0,0,0,2,-0.425
256,Sample_2,140.0,4.0,0,0,2,-0.15
257,Sample_2,140.0,4.0,0,0,2,-5.47
258,Sample_2,140.0,4.0,0,0,2,-1.47
259,Sample_2,140.0,4.0,0,0,2,-1.75
260,Sample_2,140.0,4.0,0,0,2,-0.1
261,Sample_2,140.0,4.0,0,0,2,-6.47
262,Sample_2,140.0,4.0,0,0,2,-1.22
263,Sample_2,140.0,4.0,0,0,2,-0.45
264,Sample_2,140.0,4.0,0,0,2,-2.07
265,Sample_2,140.0,4.0,0,0,2,-0.125
266,Sample_2,140.0,4.0,0,0,2,-2.42
267,Sample_2,140.0,4.0,0,0,2,-0.575
268,Sample_2,140.0,4.0,0,0,2,-1.12
269,Sample_2,140.0,4.0,0,0,2,-1.45
270,Sample_2,140.0,4.0,0,0,2,-0.95
271,Sample_2,140.0,4.0,0,0,2,-1.62
272,Sample_2,140.0,4.0,0,0,2,-2.72
273,Sample_2,140.0,4.0,0,0,2,-0.4
274,Sample_2,140.0,4.0,0,0,2,-2.72
275,Sample_2,140.0,4.0,0,0,2,-1.38
276,Sample_2,140.0,4.0,0,0,2,-1.62
277,Sample_2,140.0,4.0,0,0,2,-0.45
278,Sample_2,140.0,4.0,0,0,2,-0.975
279,Sample_2,140.0,4.0,0,0,2,-1.075
280,Sample_2,140.0,4.0,0,0,2,-0.6
281,Sample_2,140.0,4.0,0,0,2,-9.5
282,Sample_2,140.0,4.0,0,0,2,-3.525
444,Sample_3,90.0,8.0,0,0,2,-1.9
445,Sample_3,90.0,8.0,0,0,2,-1.8
446,Sample_3,90.0,8.0,0,0,2,-4.7
447,Sample_3,90.0,8.0,0,0,2,-2.5
448,Sample_3,90.0,8.0,0,0,2,-9.6
449,Sample_3,90.0,8.0,0,0,2,-2.35
450,Sample_3,90.0,8.0,0,0,2,-2.75
451,Sample_3,90.0,8.0,0,0,2,-2.15
452,Sample_3,90.0,8.0,0,0,2,-1.62
453,Sample_3,90.0,8.0,0,0,2,-1.65
454,Sample_3,90.0,8.0,0,0,2,-1.875
455,Sample_3,90.0,8.0,0,0,2,-1.375
456,Sample_3,90.0,8.0,0,0,2,-2.075
457,Sample_3,90.0,8.0,0,0,2,-1.525
458,Sample_3,90.0,8.0,0,0,2,-5.875
459,Sample_3,90.0,8.0,0,0,2,-2.1
460,Sample_3,90.0,8.0,0,0,2,-1.5
461,Sample_3,90.0,8.0,0,0,2,-6.075
462,Sample_3,90.0,8.0,0,0,2,-1.1
463,Sample_3,90.0,8.0,0,0,2,-8.4
464,Sample_3,90.0,8.0,0,0,2,-4.65
465,Sample_3,90.0,8.0,0,0,2,-0.825
466,Sample_3,90.0,8.0,0,0,2,-5.5
467,Sample_3,90.0,8.0,0,0,2,-2.125
468,Sample_3,90.0,8.0,0,0,2,-2.375
469,Sample_3,90.0,8.0,0,0,2,-4.85
470,Sample_3,90.0,8.0,0,0,2,-3.875
471,Sample_3,90.0,8.0,0,0,2,-4.075
472,Sample_3,90.0,8.0,0,0,2,-6.025
473,Sample_3,90.0,8.0,0,0,2,-7.8
474,Sample_3,90.0,8.0,0,0,2,-5.2
475,Sample_3,90.0,8.0,0,0,2,-2.75
476,Sample_3,90.0,8.0,0,0,2,-7.87
477,Sample_3,90.0,8.0,0,0,2,-1.32
478,Sample_3,90.0,8.0,0,0,2,-1.2
479,Sample_3,90.0,8.0,0,0,2,-2.72
480,Sample_3,90.0,8.0,0,0,2,-1.7
481,Sample_3,90.0,8.0,0,0,2,-2.07
482,Sample_3,90.0,8.0,0,0,2,-1.42
483,Sample_3,90.0,8.0,0,0,2,-3.12
484,Sample_3,90.0,8.0,0,0,2,-1.92
485,Sample_3,90.0,8.0,0,0,2,-3.7
486,Sample_3,90.0,8.0,0,0,2,-1.17
487,Sample_3,90.0,8.0,0,0,2,-1.07
488,Sample_3,90.0,8.0,0,0,2,-1.6
489,Sample_3,90.0,8.0,0,0,2,-0.5
490,Sample_3,90.0,8.0,0,0,2,-3.92
491,Sample_3,90.0,8.0,0,0,2,-2.85
492,Sample_3,90.0,8.0,0,0,2,-2.07
493,Sample_3,90.0,8.0,0,0,2,-2.3
494,Sample_3,90.0,8.0,0,0,2,-0.2
495,Sample_3,90.0,8.0,0,0,2,-4.9
496,Sample_3,90.0,8.0,0,0,2,-8.47
497,Sample_3,90.0,8.0,0,0,2,-3.07
498,Sample_3,90.0,8.0,0,0,2,-1.92
499,Sample_3,90.0,8.0,0,0,2,-2.8
666,Sample_4,140.0,2.0,0,1,2,-1.05
667,Sample_4,140.0,2.0,0,1,2,-2.0
668,Sample_4,140.0,2.0,0,1,2,-4.5
669,Sample_4,140.0,2.0,0,1,2,-1.3
670,Sample_4,140.0,2.0,0,1,2,-5.7
671,Sample_4,140.0,2.0,0,1,2,-0.55
672,Sample_4,140.0,2.0,0,1,2,-2.22
673,Sample_4,140.0,2.0,0,1,2,-1.15
674,Sample_4,140.0,2.0,0,1,2,-4.35
675,Sample_4,140.0,2.0,0,1,2,-1.85
676,Sample_4,140.0,2.0,0,1,2,-3.02
677,Sample_4,140.0,2.0,0,1,2,-4.4
678,Sample_4,140.0,2.0,0,1,2,-4.6
679,Sample_4,140.0,2.0,0,1,2,3.125
680,Sample_4,140.0,2.0,0,1,2,-1.95
681,Sample_4,140.0,2.0,0,1,2,-2.35
682,Sample_4,140.0,2.0,0,1,2,-1.4
683,Sample_4,140.0,2.0,0,1,2,-1.17
684,Sample_4,140.0,2.0,0,1,2,-1.25
685,Sample_4,140.0,2.0,0,1,2,-2.07
686,Sample_4,140.0,2.0,0,1,2,-2.22
687,Sample_4,140.0,2.0,0,1,2,-4.5
688,Sample_4,140.0,2.0,0,1,2,-1.8
689,Sample_4,140.0,2.0,0,1,2,-6.87
690,Sample_4,140.0,2.0,0,1,2,-0.925
691,Sample_4,140.0,2.0,0,1,2,-0.675
692,Sample_4,140.0,2.0,0,1,2,-0.65
693,Sample_4,140.0,2.0,0,1,2,-0.625
694,Sample_4,140.0,2.0,0,1,2,-0.575
695,Sample_4,140.0,2.0,0,1,2,-1.45
696,Sample_4,140.0,2.0,0,1,2,-3.475
697,Sample_4,140.0,2.0,0,1,2,-2.375
698,Sample_4,140.0,2.0,0,1,2,-3.35
699,Sample_4,140.0,2.0,0,1,2,-0.625
700,Sample_4,140.0,2.0,0,1,2,-0.65
701,Sample_4,140.0,2.0,0,1,2,-0.375
702,Sample_4,140.0,2.0,0,1,2,-1.575
703,Sample_4,140.0,2.0,0,1,2,-0.4
704,Sample_4,140.0,2.0,0,1,2,-0.275
705,Sample_4,140.0,2.0,0,1,2,-3.925
706,Sample_4,140.0,2.0,0,1,2,-0.45
707,Sample_4,140.0,2.0,0,1,2,-0.425
708,Sample_4,140.0,2.0,0,1,2,-0.75
709,Sample_4,140.0,2.0,0,1,2,-0.95
710,Sample_4,140.0,2.0,0,1,2,-0.325
711,Sample_4,140.0,2.0,0,1,2,-0.375
712,Sample_4,140.0,2.0,0,1,2,-0.95
713,Sample_4,140.0,2.0,0,1,2,-0.75
714,Sample_4,140.0,2.0,0,1,2,-0.7
715,Sample_4,140.0,2.0,0,1,2,-1.55
716,Sample_4,140.0,2.0,0,1,2,-1.875
717,Sample_4,140.0,2.0,0,1,2,-0.25
718,Sample_4,140.0,2.0,0,1,2,-0.55
719,Sample_4,140.0,2.0,0,1,2,-0.55
720,Sample_4,140.0,2.0,0,1,2,-0.575
721,Sample_4,140.0,2.0,0,1,2,-0.075
722,Sample_4,140.0,2.0,0,1,2,-0.55
723,Sample_4,140.0,2.0,0,1,2,-0.525
724,Sample_4,140.0,2.0,0,1,2,-0.8
725,Sample_4,140.0,2.0,0,1,2,-0.75
726,Sample_4,140.0,2.0,0,1,2,-0.625
727,Sample_4,140.0,2.0,0,1,2,-0.6
728,Sample_4,140.0,2.0,0,1,2,-0.525
729,Sample_4,140.0,2.0,0,1,2,-0.6
730,Sample_4,140.0,2.0,0,1,2,-0.975
731,Sample_4,140.0,2.0,0,1,2,-0.15
732,Sample_4,140.0,2.0,0,1,2,-0.775
733,Sample_4,140.0,2.0,0,1,2,-0.65
734,Sample_4,140.0,2.0,0,1,2,-0.575
735,Sample_4,140.0,2.0,0,1,2,-0.625
736,Sample_4,140.0,2.0,0,1,2,-0.65
737,Sample_4,140.0,2.0,0,1,2,-0.6
738,Sample_4,140.0,2.0,0,1,2,-0.5
739,Sample_4,140.0,2.0,0,1,2,-0.5
740,Sample_4,140.0,2.0,0,1,2,-0.475
741,Sample_4,140.0,2.0,0,1,2,-0.45
888,Sample_5,140.0,4.0,0,1,2,-2.5
889,Sample_5,140.0,4.0,0,1,2,-10.9
890,Sample_5,140.0,4.0,0,1,2,-2.0
891,Sample_5,140.0,4.0,0,1,2,-1.5
892,Sample_5,140.0,4.0,0,1,2,-1.2
893,Sample_5,140.0,4.0,0,1,2,-1.5
894,Sample_5,140.0,4.0,0,1,2,-9.25
895,Sample_5,140.0,4.0,0,1,2,-2.1
896,Sample_5,140.0,4.0,0,1,2,-6.325
897,Sample_5,140.0,4.0,0,1,2,-0.125
898,Sample_5,140.0,4.0,0,1,2,-0.8
899,Sample_5,140.0,4.0,0,1,2,-2.725
1110,Sample_6,90.0,8.0,0,1,2,-0.37
1111,Sample_6,90.0,8.0,0,1,2,-1.5
1112,Sample_6,90.0,8.0,0,1,2,-0.85
1113,Sample_6,90.0,8.0,0,1,2,-0.95
1114,Sample_6,90.0,8.0,0,1,2,-0.87
1115,Sample_6,90.0,8.0,0,1,2,-0.87
1116,Sample_6,90.0,8.0,0,1,2,-1.15
1117,Sample_6,90.0,8.0,0,1,2,-1.125
1118,Sample_6,90.0,8.0,0,1,2,-2.0
1119,Sample_6,90.0,8.0,0,1,2,-2.55
1120,Sample_6,90.0,8.0,0,1,2,-1.85
1121,Sample_6,90.0,8.0,0,1,2,-3.05
1122,Sample_6,90.0,8.0,0,1,2,-2.77
1123,Sample_6,90.0,8.0,0,1,2,-3.35
1124,Sample_6,90.0,8.0,0,1,2,-0.6
1125,Sample_6,90.0,8.0,0,1,2,-2.05
1126,Sample_6,90.0,8.0,0,1,2,-0.95
1127,Sample_6,90.0,8.0,0,1,2,-0.475
1128,Sample_6,90.0,8.0,0,1,2,-1.7
1129,Sample_6,90.0,8.0,0,1,2,-0.6
1130,Sample_6,90.0,8.0,0,1,2,-1.575
1131,Sample_6,90.0,8.0,0,1,2,-1.925
1132,Sample_6,90.0,8.0,0,1,2,-1.45
1133,Sample_6,90.0,8.0,0,1,2,-2.975
1134,Sample_6,90.0,8.0,0,1,2,-2.6
1135,Sample_6,90.0,8.0,0,1,2,-2.125
1136,Sample_6,90.0,8.0,0,1,2,-2.15
1137,Sample_6,90.0,8.0,0,1,2,-1.325
1138,Sample_6,90.0,8.0,0,1,2,-1.25
1139,Sample_6,90.0,8.0,0,1,2,-1.7
1140,Sample_6,90.0,8.0,0,1,2,-1.5
1141,Sample_6,90.0,8.0,0,1,2,-1.45
1142,Sample_6,90.0,8.0,0,1,2,-1.55
1143,Sample_6,90.0,8.0,0,1,2,-1.25
1144,Sample_6,90.0,8.0,0,1,2,-1.67
1145,Sample_6,90.0,8.0,0,1,2,-1.8
1146,Sample_6,90.0,8.0,0,1,2,-3.67
1147,Sample_6,90.0,8.0,0,1,2,-0.975
1148,Sample_6,90.0,8.0,0,1,2,-1.55
1149,Sample_6,90.0,8.0,0,1,2,-7.1
1150,Sample_6,90.0,8.0,0,1,2,-4.15
1151,Sample_6,90.0,8.0,0,1,2,-2.55
1152,Sample_6,90.0,8.0,0,1,2,-2.3
1153,Sample_6,90.0,8.0,0,1,2,-2.15
1154,Sample_6,90.0,8.0,0,1,2,-1.57
1155,Sample_6,90.0,8.0,0,1,2,-4.45
1156,Sample_6,90.0,8.0,0,1,2,-1.85
1157,Sample_6,90.0,8.0,0,1,2,-4.95
1158,Sample_6,90.0,8.0,0,1,2,-1.97
1159,Sample_6,90.0,8.0,0,1,2,-1.1
1160,Sample_6,90.0,8.0,0,1,2,-2.25
1161,Sample_6,90.0,8.0,0,1,2,-2.55
1162,Sample_6,90.0,8.0,0,1,2,-2.9
1163,Sample_6,90.0,8.0,0,1,2,-5.35
1164,Sample_6,90.0,8.0,0,1,2,-4.7
1165,Sample_6,90.0,8.0,0,1,2,-1.32
1166,Sample_6,90.0,8.0,0,1,2,-3.02
1167,Sample_6,90.0,8.0,0,1,2,-0.1
1168,Sample_6,90.0,8.0,0,1,2,-1.35
1169,Sample_6,90.0,8.0,0,1,2,-1.17
1170,Sample_6,90.0,8.0,0,1,2,-0.725
1171,Sample_6,90.0,8.0,0,1,2,-1.1
1172,Sample_6,90.0,8.0,0,1,2,-0.975
1173,Sample_6,90.0,8.0,0,1,2,-0.9
1174,Sample_6,90.0,8.0,0,1,2,-1.75
1175,Sample_6,90.0,8.0,0,1,2,-1.55
1176,Sample_6,90.0,8.0,0,1,2,-1.1
1177,Sample_6,90.0,8.0,0,1,2,-2.475
1178,Sample_6,90.0,8.0,0,1,2,-2.475
1179,Sample_6,90.0,8.0,0,1,2,-2.4
1180,Sample_6,90.0,8.0,0,1,2,-0.85
1181,Sample_6,90.0,8.0,0,1,2,-2.15
1182,Sample_6,90.0,8.0,0,1,2,-4.1
1183,Sample_6,90.0,8.0,0,1,2,-1.3
1184,Sample_6,90.0,8.0,0,1,2,-3.45
1185,Sample_6,90.0,8.0,0,1,2,-2.65
1186,Sample_6,90.0,8.0,0,1,2,-1.525
1187,Sample_6,90.0,8.0,0,1,2,-0.925
1188,Sample_6,90.0,8.0,0,1,2,-1.92
1189,Sample_6,90.0,8.0,0,1,2,-1.22
1190,Sample_6,90.0,8.0,0,1,2,-1.825
1191,Sample_6,90.0,8.0,0,1,2,-1.0
1192,Sample_6,90.0,8.0,0,1,2,-2.07
1193,Sample_6,90.0,8.0,0,1,2,-1.02
1194,Sample_6,90.0,8.0,0,1,2,-2.475
1195,Sample_6,90.0,8.0,0,1,2,-1.35
1196,Sample_6,90.0,8.0,0,1,2,-1.5
1197,Sample_6,90.0,8.0,0,1,2,-4.0
1198,Sample_6,90.0,8.0,0,1,2,-1.75
1199,Sample_6,90.0,8.0,0,1,2,-0.85
1200,Sample_6,90.0,8.0,0,1,2,-0.975
1201,Sample_6,90.0,8.0,0,1,2,-2.225
1202,Sample_6,90.0,8.0,0,1,2,-1.1
1203,Sample_6,90.0,8.0,0,1,2,-1.075
1204,Sample_6,90.0,8.0,0,1,2,-1.72
1205,Sample_6,90.0,8.0,0,1,2,-1.65
1206,Sample_6,90.0,8.0,0,1,2,-5.8
1207,Sample_6,90.0,8.0,0,1,2,-4.325
1208,Sample_6,90.0,8.0,0,1,2,-0.65
1209,Sample_6,90.0,8.0,0,1,2,-1.65
1210,Sample_6,90.0,8.0,0,1,2,-0.25
1211,Sample_6,90.0,8.0,0,1,2,-0.875
1212,Sample_6,90.0,8.0,0,1,2,-0.725
1213,Sample_6,90.0,8.0,0,1,2,-0.3
1214,Sample_6,90.0,8.0,0,1,2,-1.45
1215,Sample_6,90.0,8.0,0,1,2,-1.1
1216,Sample_6,90.0,8.0,0,1,2,-0.725
1217,Sample_6,90.0,8.0,0,1,2,-1.075
1218,Sample_6,90.0,8.0,0,1,2,-0.475
1219,Sample_6,90.0,8.0,0,1,2,-0.175
1220,Sample_6,90.0,8.0,0,1,2,-1.85
1221,Sample_6,90.0,8.0,0,1,2,-2.27
1222,Sample_6,90.0,8.0,0,1,2,-1.35
1223,Sample_6,90.0,8.0,0,1,2,-0.525
1224,Sample_6,90.0,8.0,0,1,2,-1.175
1225,Sample_6,90.0,8.0,0,1,2,-1.975
1226,Sample_6,90.0,8.0,0,1,2,-0.575
1227,Sample_6,90.0,8.0,0,1,2,-1.175
1228,Sample_6,90.0,8.0,0,1,2,-2.225
1332,Sample_9,90.0,8.0,1,0,2,-1.78
1333,Sample_9,90.0,8.0,1,0,2,-1.08
1334,Sample_9,90.0,8.0,1,0,2,-1.44
1335,Sample_9,90.0,8.0,1,0,2,-0.8
1336,Sample_9,90.0,8.0,1,0,2,-0.48
1337,Sample_9,90.0,8.0,1,0,2,-0.68
1338,Sample_9,90.0,8.0,1,0,2,-0.9
1339,Sample_9,90.0,8.0,1,0,2,-0.44
1340,Sample_9,90.0,8.0,1,0,2,-0.46
1341,Sample_9,90.0,8.0,1,0,2,-0.48
1342,Sample_9,90.0,8.0,1,0,2,-0.5
1343,Sample_9,90.0,8.0,1,0,2,-0.86
1344,Sample_9,90.0,8.0,1,0,2,-1.24
1345,Sample_9,90.0,8.0,1,0,2,-1.36
1346,Sample_9,90.0,8.0,1,0,2,-1.2
1347,Sample_9,90.0,8.0,1,0,2,-1.12
1348,Sample_9,90.0,8.0,1,0,2,-1.12
1351,Sample_9,90.0,8.0,1,0,2,-1.42
1352,Sample_9,90.0,8.0,1,0,2,-1.34
1353,Sample_9,90.0,8.0,1,0,2,-1.98
1354,Sample_9,90.0,8.0,1,0,2,-1.02
1355,Sample_9,90.0,8.0,1,0,2,-1.06
1356,Sample_9,90.0,8.0,1,0,2,-1.74
1357,Sample_9,90.0,8.0,1,0,2,-1.56
1358,Sample_9,90.0,8.0,1,0,2,-1.36
1359,Sample_9,90.0,8.0,1,0,2,-0.28
1361,Sample_9,90.0,8.0,1,0,2,-2.04
1362,Sample_9,90.0,8.0,1,0,2,-1.64
1363,Sample_9,90.0,8.0,1,0,2,-1.96
1364,Sample_9,90.0,8.0,1,0,2,-2.04
1365,Sample_9,90.0,8.0,1,0,2,-1.86
1366,Sample_9,90.0,8.0,1,0,2,-0.9
1367,Sample_9,90.0,8.0,1,0,2,-1.04
1368,Sample_9,90.0,8.0,1,0,2,-2.4
1369,Sample_9,90.0,8.0,1,0,2,-0.74
1370,Sample_9,90.0,8.0,1,0,2,-1.44
1371,Sample_9,90.0,8.0,1,0,2,-1.54
1372,Sample_9,90.0,8.0,1,0,2,-1.62
1373,Sample_9,90.0,8.0,1,0,2,-1.06
1374,Sample_9,90.0,8.0,1,0,2,-1.0
1375,Sample_9,90.0,8.0,1,0,2,-1.66
1376,Sample_9,90.0,8.0,1,0,2,-1.14
1377,Sample_9,90.0,8.0,1,0,2,-1.04
1378,Sample_9,90.0,8.0,1,0,2,-0.58
1379,Sample_9,90.0,8.0,1,0,2,-1.84
1380,Sample_9,90.0,8.0,1,0,2,-0.64
1381,Sample_9,90.0,8.0,1,0,2,-1.1
1382,Sample_9,90.0,8.0,1,0,2,-1.6
1383,Sample_9,90.0,8.0,1,0,2,-2.04
1384,Sample_9,90.0,8.0,1,0,2,-1.54
1385,Sample_9,90.0,8.0,1,0,2,-0.16
1386,Sample_9,90.0,8.0,1,0,2,-0.5
1387,Sample_9,90.0,8.0,1,0,2,-0.3
1388,Sample_9,90.0,8.0,1,0,2,-0.16
1389,Sample_9,90.0,8.0,1,0,2,-0.38
1390,Sample_9,90.0,8.0,1,0,2,-0.2
1391,Sample_9,90.0,8.0,1,0,2,-0.38
1392,Sample_9,90.0,8.0,1,0,2,-0.24
1393,Sample_9,90.0,8.0,1,0,2,-0.74
1394,Sample_9,90.0,8.0,1,0,2,-0.6
1395,Sample_9,90.0,8.0,1,0,2,-0.74
1396,Sample_9,90.0,8.0,1,0,2,-0.8
1397,Sample_9,90.0,8.0,1,0,2,-0.88
1398,Sample_9,90.0,8.0,1,0,2,-0.52
1399,Sample_9,90.0,8.0,1,0,2,-0.52
1400,Sample_9,90.0,8.0,1,0,2,-0.54
1401,Sample_9,90.0,8.0,1,0,2,-0.48
1402,Sample_9,90.0,8.0,1,0,2,-0.66
1403,Sample_9,90.0,8.0,1,0,2,-0.48
1404,Sample_9,90.0,8.0,1,0,2,-0.44
1405,Sample_9,90.0,8.0,1,0,2,-0.48
1406,Sample_9,90.0,8.0,1,0,2,-0.52
1407,Sample_9,90.0,8.0,1,0,2,-0.44
1408,Sample_9,90.0,8.0,1,0,2,-0.5
1409,Sample_9,90.0,8.0,1,0,2,-1.44
1410,Sample_9,90.0,8.0,1,0,2,-0.92
1411,Sample_9,90.0,8.0,1,0,2,-0.56
1412,Sample_9,90.0,8.0,1,0,2,-1.4
1413,Sample_9,90.0,8.0,1,0,2,-0.46
1414,Sample_9,90.0,8.0,1,0,2,-0.36
1415,Sample_9,90.0,8.0,1,0,2,-2.08
1416,Sample_9,90.0,8.0,1,0,2,-2.2
1417,Sample_9,90.0,8.0,1,0,2,-1.36
1418,Sample_9,90.0,8.0,1,0,2,-3.06
1419,Sample_9,90.0,8.0,1,0,2,-0.58
1420,Sample_9,90.0,8.0,1,0,2,-1.24
1421,Sample_9,90.0,8.0,1,0,2,-0.4
1422,Sample_9,90.0,8.0,1,0,2,-2.56
1423,Sample_9,90.0,8.0,1,0,2,-1.18
1424,Sample_9,90.0,8.0,1,0,2,-1.6
1425,Sample_9,90.0,8.0,1,0,2,-2.02
1426,Sample_9,90.0,8.0,1,0,2,-1.74
1427,Sample_9,90.0,8.0,1,0,2,-1.28
1428,Sample_9,90.0,8.0,1,0,2,-0.7
1429,Sample_9,90.0,8.0,1,0,2,-1.52
1430,Sample_9,90.0,8.0,1,0,2,-1.98
1431,Sample_9,90.0,8.0,1,0,2,-0.84
1432,Sample_9,90.0,8.0,1,0,2,-1.14
1433,Sample_9,90.0,8.0,1,0,2,-1.12
1434,Sample_9,90.0,8.0,1,0,2,-0.8
1435,Sample_9,90.0,8.0,1,0,2,-0.84
1436,Sample_9,90.0,8.0,1,0,2,-0.74
1437,Sample_9,90.0,8.0,1,0,2,-0.74
1438,Sample_9,90.0,8.0,1,0,2,-0.88
1439,Sample_9,90.0,8.0,1,0,2,-1.22
1440,Sample_9,90.0,8.0,1,0,2,-0.9
1441,Sample_9,90.0,8.0,1,0,2,-0.86
1442,Sample_9,90.0,8.0,1,0,2,-0.78
1443,Sample_9,90.0,8.0,1,0,2,-1.44
1444,Sample_9,90.0,8.0,1,0,2,-1.22
1445,Sample_9,90.0,8.0,1,0,2,-1.38
1446,Sample_9,90.0,8.0,1,0,2,-1.36
1447,Sample_9,90.0,8.0,1,0,2,-1.3
1448,Sample_9,90.0,8.0,1,0,2,-1.26
1449,Sample_9,90.0,8.0,1,0,2,-1.32
1450,Sample_9,90.0,8.0,1,0,2,-0.48
1451,Sample_9,90.0,8.0,1,0,2,-1.32
1452,Sample_9,90.0,8.0,1,0,2,-1.92
1453,Sample_9,90.0,8.0,1,0,2,-1.46
1454,Sample_9,90.0,8.0,1,0,2,-1.2
1455,Sample_9,90.0,8.0,1,0,2,-1.46
1456,Sample_9,90.0,8.0,1,0,2,-1.44
1457,Sample_9,90.0,8.0,1,0,2,-0.96
1458,Sample_9,90.0,8.0,1,0,2,-1.12
1459,Sample_9,90.0,8.0,1,0,2,-1.22
1460,Sample_9,90.0,8.0,1,0,2,-0.38
1461,Sample_9,90.0,8.0,1,0,2,-1.4
1462,Sample_9,90.0,8.0,1,0,2,-3.0
1463,Sample_9,90.0,8.0,1,0,2,-0.96
1464,Sample_9,90.0,8.0,1,0,2,-2.06
1465,Sample_9,90.0,8.0,1,0,2,-2.54
1466,Sample_9,90.0,8.0,1,0,2,-1.36
1467,Sample_9,90.0,8.0,1,0,2,-1.22
1468,Sample_9,90.0,8.0,1,0,2,-1.0
1469,Sample_9,90.0,8.0,1,0,2,-1.16
1470,Sample_9,90.0,8.0,1,0,2,-1.12
1471,Sample_9,90.0,8.0,1,0,2,-1.14
1472,Sample_9,90.0,8.0,1,0,2,-1.32
1473,Sample_9,90.0,8.0,1,0,2,-2.58
1474,Sample_9,90.0,8.0,1,0,2,-1.96
1477,Sample_9,90.0,8.0,1,0,2,-1.78
1478,Sample_9,90.0,8.0,1,0,2,-1.62
1479,Sample_9,90.0,8.0,1,0,2,-1.2
1480,Sample_9,90.0,8.0,1,0,2,-1.38
1481,Sample_9,90.0,8.0,1,0,2,-1.84
1482,Sample_9,90.0,8.0,1,0,2,-3.0
1483,Sample_9,90.0,8.0,1,0,2,-3.06
1485,Sample_9,90.0,8.0,1,0,2,-1.78
1486,Sample_9,90.0,8.0,1,0,2,-1.8
1487,Sample_9,90.0,8.0,1,0,2,-1.46
1488,Sample_9,90.0,8.0,1,0,2,-1.94
1489,Sample_9,90.0,8.0,1,0,2,-1.4
1490,Sample_9,90.0,8.0,1,0,2,-1.42
1491,Sample_9,90.0,8.0,1,0,2,-1.94
1492,Sample_9,90.0,8.0,1,0,2,-1.64
1493,Sample_9,90.0,8.0,1,0,2,-1.42
1494,Sample_9,90.0,8.0,1,0,2,-2.42
1496,Sample_9,90.0,8.0,1,0,2,-1.76
1497,Sample_9,90.0,8.0,1,0,2,-3.04
1498,Sample_9,90.0,8.0,1,0,2,-1.6
1499,Sample_9,90.0,8.0,1,0,2,-1.02
1500,Sample_9,90.0,8.0,1,0,2,-1.32
1501,Sample_9,90.0,8.0,1,0,2,-1.88
1502,Sample_9,90.0,8.0,1,0,2,-0.76
1503,Sample_9,90.0,8.0,1,0,2,-1.6
1504,Sample_9,90.0,8.0,1,0,2,-1.04
1505,Sample_9,90.0,8.0,1,0,2,-1.33
1506,Sample_9,90.0,8.0,1,0,2,-1.65
1507,Sample_9,90.0,8.0,1,0,2,-1.74
1508,Sample_9,90.0,8.0,1,0,2,-1.69
1509,Sample_10,140.0,2.0,1,1,2,-2.54
1510,Sample_10,140.0,2.0,1,1,2,-1.68
1511,Sample_10,140.0,2.0,1,1,2,-2.62
1512,Sample_10,140.0,2.0,1,1,2,-2.28
1513,Sample_10,140.0,2.0,1,1,2,-1.06
1514,Sample_10,140.0,2.0,1,1,2,-2.14
1515,Sample_10,140.0,2.0,1,1,2,-1.1
1516,Sample_10,140.0,2.0,1,1,2,-0.36
1517,Sample_10,140.0,2.0,1,1,2,-0.28
1518,Sample_10,140.0,2.0,1,1,2,-0.82
1519,Sample_10,140.0,2.0,1,1,2,-0.34
1520,Sample_10,140.0,2.0,1,1,2,-0.44
1521,Sample_10,140.0,2.0,1,1,2,-0.76
1522,Sample_10,140.0,2.0,1,1,2,-0.4
1523,Sample_10,140.0,2.0,1,1,2,-0.36
1524,Sample_10,140.0,2.0,1,1,2,-0.54
1525,Sample_10,140.0,2.0,1,1,2,-1.08
1526,Sample_10,140.0,2.0,1,1,2,-1.08
1527,Sample_10,140.0,2.0,1,1,2,-1.84
1528,Sample_10,140.0,2.0,1,1,2,-1.28
1529,Sample_10,140.0,2.0,1,1,2,-1.04
1530,Sample_10,140.0,2.0,1,1,2,-1.34
1531,Sample_10,140.0,2.0,1,1,2,-1.32
1532,Sample_10,140.0,2.0,1,1,2,-1.66
1533,Sample_10,140.0,2.0,1,1,2,-1.72
1534,Sample_10,140.0,2.0,1,1,2,-1.48
1535,Sample_10,140.0,2.0,1,1,2,-1.86
1536,Sample_10,140.0,2.0,1,1,2,-2.32
1537,Sample_10,140.0,2.0,1,1,2,-1.02
1538,Sample_10,140.0,2.0,1,1,2,-0.9
1539,Sample_10,140.0,2.0,1,1,2,-0.78
1540,Sample_10,140.0,2.0,1,1,2,-2.5
1541,Sample_10,140.0,2.0,1,1,2,-1.32
1542,Sample_10,140.0,2.0,1,1,2,-1.12
1543,Sample_10,140.0,2.0,1,1,2,-1.26
1544,Sample_10,140.0,2.0,1,1,2,-1.74
1545,Sample_10,140.0,2.0,1,1,2,-2.12
1546,Sample_10,140.0,2.0,1,1,2,-1.28
1547,Sample_10,140.0,2.0,1,1,2,-1.58
1548,Sample_10,140.0,2.0,1,1,2,-1.68
1549,Sample_10,140.0,2.0,1,1,2,-1.44
1550,Sample_10,140.0,2.0,1,1,2,-1.18
1551,Sample_10,140.0,2.0,1,1,2,-0.84
1552,Sample_10,140.0,2.0,1,1,2,-2.54
1553,Sample_10,140.0,2.0,1,1,2,-2.28
1554,Sample_10,140.0,2.0,1,1,2,-1.38
1555,Sample_10,140.0,2.0,1,1,2,-1.46
1556,Sample_10,140.0,2.0,1,1,2,-0.74
1557,Sample_10,140.0,2.0,1,1,2,-0.58
1558,Sample_10,140.0,2.0,1,1,2,-1.24
1559,Sample_10,140.0,2.0,1,1,2,-1.34
1560,Sample_10,140.0,2.0,1,1,2,-1.54
1561,Sample_10,140.0,2.0,1,1,2,-1.74
1562,Sample_10,140.0,2.0,1,1,2,-0.7
1563,Sample_10,140.0,2.0,1,1,2,-1.74
1564,Sample_10,140.0,2.0,1,1,2,-1.38
1565,Sample_10,140.0,2.0,1,1,2,-0.88
1566,Sample_10,140.0,2.0,1,1,2,-1.42
1567,Sample_10,140.0,2.0,1,1,2,-1.58
1568,Sample_10,140.0,2.0,1,1,2,-1.26
1569,Sample_10,140.0,2.0,1,1,2,-1.5
1570,Sample_10,140.0,2.0,1,1,2,-1.84
1571,Sample_10,140.0,2.0,1,1,2,-2.12
1572,Sample_10,140.0,2.0,1,1,2,-1.6
1573,Sample_10,140.0,2.0,1,1,2,-1.52
1574,Sample_10,140.0,2.0,1,1,2,-1.24
1575,Sample_10,140.0,2.0,1,1,2,-1.82
1576,Sample_10,140.0,2.0,1,1,2,-1.04
1577,Sample_10,140.0,2.0,1,1,2,-1.16
1578,Sample_10,140.0,2.0,1,1,2,-1.4
1579,Sample_10,140.0,2.0,1,1,2,-0.94
1580,Sample_10,140.0,2.0,1,1,2,-0.28
1581,Sample_10,140.0,2.0,1,1,2,-1.24
1582,Sample_10,140.0,2.0,1,1,2,-2.28
1583,Sample_10,140.0,2.0,1,1,2,-1.98
1584,Sample_10,140.0,2.0,1,1,2,-2.22
1585,Sample_10,140.0,2.0,1,1,2,-1.5
1586,Sample_10,140.0,2.0,1,1,2,-1.72
1587,Sample_10,140.0,2.0,1,1,2,-1.26
1588,Sample_10,140.0,2.0,1,1,2,-2.46
1589,Sample_10,140.0,2.0,1,1,2,-1.5
1590,Sample_10,140.0,2.0,1,1,2,-1.84
1591,Sample_10,140.0,2.0,1,1,2,-1.94
1592,Sample_10,140.0,2.0,1,1,2,-1.88
1593,Sample_10,140.0,2.0,1,1,2,-1.62
1594,Sample_10,140.0,2.0,1,1,2,-1.12
1595,Sample_10,140.0,2.0,1,1,2,-1.32
1596,Sample_10,140.0,2.0,1,1,2,-1.84
1597,Sample_10,140.0,2.0,1,1,2,-1.08
1598,Sample_10,140.0,2.0,1,1,2,-1.12
1599,Sample_10,140.0,2.0,1,1,2,-1.66
1600,Sample_10,140.0,2.0,1,1,2,-1.78
1601,Sample_10,140.0,2.0,1,1,2,-2.06
1602,Sample_10,140.0,2.0,1,1,2,-1.5
1603,Sample_10,140.0,2.0,1,1,2,-1.52
1604,Sample_10,140.0,2.0,1,1,2,-1.04
1606,Sample_10,140.0,2.0,1,1,2,-2.38
1607,Sample_10,140.0,2.0,1,1,2,-2.64
1609,Sample_10,140.0,2.0,1,1,2,-1.7
1610,Sample_10,140.0,2.0,1,1,2,-1.7
1612,Sample_10,140.0,2.0,1,1,2,-3.1
1613,Sample_10,140.0,2.0,1,1,2,-2.18
1614,Sample_10,140.0,2.0,1,1,2,-1.7
1615,Sample_10,140.0,2.0,1,1,2,-1.58
1616,Sample_10,140.0,2.0,1,1,2,-2.82
1617,Sample_10,140.0,2.0,1,1,2,-0.82
1618,Sample_10,140.0,2.0,1,1,2,-2.14
1619,Sample_10,140.0,2.0,1,1,2,-1.45
1620,Sample_10,140.0,2.0,1,1,2,-1.16
1621,Sample_10,140.0,2.0,1,1,2,-1.0
1622,Sample_10,140.0,2.0,1,1,2,-2.18
1623,Sample_10,140.0,2.0,1,1,2,-1.82
1624,Sample_10,140.0,2.0,1,1,2,-1.78
1625,Sample_10,140.0,2.0,1,1,2,-2.92
1626,Sample_10,140.0,2.0,1,1,2,-0.96
1627,Sample_10,140.0,2.0,1,1,2,-1.88
1628,Sample_10,140.0,2.0,1,1,2,-1.32
1629,Sample_11,90.0,8.0,1,1,2,-1.44
1630,Sample_11,90.0,8.0,1,1,2,-3.9
1631,Sample_11,90.0,8.0,1,1,2,-1.16
1632,Sample_11,90.0,8.0,1,1,2,-1.3
1634,Sample_11,90.0,8.0,1,1,2,-2.0
1635,Sample_11,90.0,8.0,1,1,2,-3.92
1636,Sample_11,90.0,8.0,1,1,2,-2.48
1637,Sample_11,90.0,8.0,1,1,2,-3.74
1638,Sample_11,90.0,8.0,1,1,2,-2.28
1641,Sample_11,90.0,8.0,1,1,2,-3.26
1642,Sample_11,90.0,8.0,1,1,2,-2.3
1643,Sample_11,90.0,8.0,1,1,2,-2.36
1644,Sample_11,90.0,8.0,1,1,2,-1.7
1645,Sample_11,90.0,8.0,1,1,2,-1.52
1646,Sample_11,90.0,8.0,1,1,2,-0.62
1647,Sample_11,90.0,8.0,1,1,2,-1.52
1648,Sample_11,90.0,8.0,1,1,2,-1.54
1649,Sample_11,90.0,8.0,1,1,2,-1.92
1650,Sample_11,90.0,8.0,1,1,2,-2.58
1651,Sample_11,90.0,8.0,1,1,2,-1.38
1652,Sample_11,90.0,8.0,1,1,2,-2.38
1653,Sample_11,90.0,8.0,1,1,2,-1.34
1654,Sample_11,90.0,8.0,1,1,2,-1.96
1655,Sample_11,90.0,8.0,1,1,2,-0.54
1656,Sample_11,90.0,8.0,1,1,2,-1.74
1657,Sample_11,90.0,8.0,1,1,2,-1.38
1658,Sample_11,90.0,8.0,1,1,2,-1.66
1659,Sample_11,90.0,8.0,1,1,2,-1.72
1660,Sample_11,90.0,8.0,1,1,2,-2.52
1661,Sample_11,90.0,8.0,1,1,2,-3.48
1663,Sample_11,90.0,8.0,1,1,2,-2.1
1664,Sample_11,90.0,8.0,1,1,2,-1.0
1666,Sample_11,90.0,8.0,1,1,2,-1.26
1667,Sample_11,90.0,8.0,1,1,2,-1.56
1668,Sample_11,90.0,8.0,1,1,2,-3.42
1669,Sample_11,90.0,8.0,1,1,2,-3.24
1671,Sample_11,90.0,8.0,1,1,2,-3.04
1672,Sample_11,90.0,8.0,1,1,2,-2.22
1673,Sample_11,90.0,8.0,1,1,2,-2.54
1674,Sample_11,90.0,8.0,1,1,2,-2.24
1675,Sample_11,90.0,8.0,1,1,2,-1.94
1676,Sample_11,90.0,8.0,1,1,2,-2.58
1678,Sample_11,90.0,8.0,1,1,2,-1.14
1679,Sample_11,90.0,8.0,1,1,2,-1.84
1680,Sample_11,90.0,8.0,1,1,2,-1.8
1681,Sample_11,90.0,8.0,1,1,2,-2.04
1682,Sample_11,90.0,8.0,1,1,2,-1.84
1683,Sample_11,90.0,8.0,1,1,2,-2.04
1684,Sample_11,90.0,8.0,1,1,2,-3.02
1685,Sample_11,90.0,8.0,1,1,2,-1.92
1686,Sample_11,90.0,8.0,1,1,2,-1.54
1687,Sample_11,90.0,8.0,1,1,2,-1.48
1688,Sample_11,90.0,8.0,1,1,2,-1.58
1689,Sample_11,90.0,8.0,1,1,2,-1.44
1690,Sample_11,90.0,8.0,1,1,2,-1.82
1691,Sample_11,90.0,8.0,1,1,2,-1.54
1692,Sample_11,90.0,8.0,1,1,2,-0.52
1693,Sample_11,90.0,8.0,1,1,2,-2.1
1694,Sample_11,90.0,8.0,1,1,2,-2.6
1695,Sample_11,90.0,8.0,1,1,2,-2.88
1696,Sample_11,90.0,8.0,1,1,2,-3.26
1697,Sample_11,90.0,8.0,1,1,2,-0.86
1698,Sample_11,90.0,8.0,1,1,2,-1.62
1699,Sample_11,90.0,8.0,1,1,2,-1.42
1700,Sample_11,90.0,8.0,1,1,2,-2.0
1701,Sample_11,90.0,8.0,1,1,2,-1.38
1702,Sample_11,90.0,8.0,1,1,2,-2.74
1703,Sample_11,90.0,8.0,1,1,2,-2.94
1704,Sample_11,90.0,8.0,1,1,2,-1.1
1705,Sample_11,90.0,8.0,1,1,2,-2.8
1706,Sample_11,90.0,8.0,1,1,2,-3.9
1707,Sample_11,90.0,8.0,1,1,2,-2.16
1708,Sample_11,90.0,8.0,1,1,2,-1.54
1709,Sample_11,90.0,8.0,1,1,2,-1.0
1710,Sample_11,90.0,8.0,1,1,2,-1.84
1711,Sample_11,90.0,8.0,1,1,2,-2.0
1712,Sample_11,90.0,8.0,1,1,2,-2.7
1713,Sample_11,90.0,8.0,1,1,2,-2.34
1714,Sample_11,90.0,8.0,1,1,2,-1.74
1715,Sample_11,90.0,8.0,1,1,2,-2.06
1716,Sample_11,90.0,8.0,1,1,2,-1.94
1717,Sample_11,90.0,8.0,1,1,2,-0.46
1718,Sample_11,90.0,8.0,1,1,2,-0.48
1719,Sample_11,90.0,8.0,1,1,2,-2.0
1720,Sample_11,90.0,8.0,1,1,2,-1.66
1721,Sample_11,90.0,8.0,1,1,2,-2.0
1722,Sample_11,90.0,8.0,1,1,2,-1.76
1723,Sample_11,90.0,8.0,1,1,2,-1.72
1724,Sample_11,90.0,8.0,1,1,2,-1.76
1725,Sample_11,90.0,8.0,1,1,2,-1.54
1726,Sample_11,90.0,8.0,1,1,2,-1.48
1727,Sample_11,90.0,8.0,1,1,2,-1.36
1728,Sample_11,90.0,8.0,1,1,2,-1.86
1729,Sample_11,90.0,8.0,1,1,2,-1.64
1730,Sample_11,90.0,8.0,1,1,2,-0.4
1731,Sample_11,90.0,8.0,1,1,2,-1.96
1732,Sample_11,90.0,8.0,1,1,2,-1.5
1733,Sample_11,90.0,8.0,1,1,2,-1.78
1734,Sample_11,90.0,8.0,1,1,2,-1.74
1735,Sample_11,90.0,8.0,1,1,2,-1.78
1736,Sample_11,90.0,8.0,1,1,2,-2.36
1737,Sample_11,90.0,8.0,1,1,2,-1.72
1738,Sample_11,90.0,8.0,1,1,2,-1.22
1739,Sample_11,90.0,8.0,1,1,2,-1.44
1740,Sample_11,90.0,8.0,1,1,2,-1.16
1741,Sample_11,90.0,8.0,1,1,2,-1.44
1742,Sample_11,90.0,8.0,1,1,2,-1.88
1743,Sample_11,90.0,8.0,1,1,2,-3.18
1744,Sample_11,90.0,8.0,1,1,2,-2.46
1745,Sample_11,90.0,8.0,1,1,2,-1.58
1746,Sample_11,90.0,8.0,1,1,2,-2.02
1747,Sample_11,90.0,8.0,1,1,2,-2.08
1748,Sample_11,90.0,8.0,1,1,2,-2.18
1749,Sample_11,90.0,8.0,1,1,2,-2.28
1750,Sample_11,90.0,8.0,1,1,2,-1.66
1751,Sample_11,90.0,8.0,1,1,2,-1.38
1752,Sample_11,90.0,8.0,1,1,2,-1.82
1753,Sample_11,90.0,8.0,1,1,2,-2.04
1754,Sample_11,90.0,8.0,1,1,2,-2.42
1755,Sample_11,90.0,8.0,1,1,2,-2.8
1756,Sample_11,90.0,8.0,1,1,2,-2.02
1757,Sample_11,90.0,8.0,1,1,2,-1.2
1758,Sample_11,90.0,8.0,1,1,2,-1.58
1759,Sample_11,90.0,8.0,1,1,2,-2.34
1760,Sample_11,90.0,8.0,1,1,2,-1.46
1761,Sample_11,90.0,8.0,1,1,2,-1.72
1762,Sample_11,90.0,8.0,1,1,2,-2.18
1763,Sample_11,90.0,8.0,1,1,2,-1.64
1764,Sample_11,90.0,8.0,1,1,2,-1.42
1766,Sample_11,90.0,8.0,1,1,2,-1.86
1767,Sample_11,90.0,8.0,1,1,2,-2.48
1768,Sample_11,90.0,8.0,1,1,2,-2.18
1769,Sample_11,90.0,8.0,1,1,2,-0.6
1770,Sample_11,90.0,8.0,1,1,2,-0.8
1771,Sample_11,90.0,8.0,1,1,2,-1.4
1772,Sample_11,90.0,8.0,1,1,2,-2.16
1773,Sample_11,90.0,8.0,1,1,2,-1.76
1774,Sample_11,90.0,8.0,1,1,2,-1.12
1775,Sample_11,90.0,8.0,1,1,2,-0.58
1776,Sample_11,90.0,8.0,1,1,2,-1.58
1777,Sample_11,90.0,8.0,1,1,2,-2.04
1778,Sample_11,90.0,8.0,1,1,2,-2.76
1779,Sample_11,90.0,8.0,1,1,2,-1.82
1780,Sample_11,90.0,8.0,1,1,2,-1.42
1781,Sample_11,90.0,8.0,1,1,2,-2.58
1782,Sample_11,90.0,8.0,1,1,2,-1.58
1783,Sample_11,90.0,8.0,1,1,2,-1.62
1784,Sample_11,90.0,8.0,1,1,2,-1.6
1785,Sample_11,90.0,8.0,1,1,2,-1.74
1786,Sample_11,90.0,8.0,1,1,2,-1.68
1787,Sample_11,90.0,8.0,1,1,2,-1.76
1788,Sample_11,90.0,8.0,1,1,2,-1.26
1789,Sample_11,90.0,8.0,1,1,2,-1.98
1790,Sample_11,90.0,8.0,1,1,2,-2.44
1791,Sample_11,90.0,8.0,1,1,2,-1.54
1792,Sample_11,90.0,8.0,1,1,2,-1.46
1793,Sample_11,90.0,8.0,1,1,2,-1.46
1794,Sample_11,90.0,8.0,1,1,2,-1.62
1795,Sample_11,90.0,8.0,1,1,2,-1.22
1796,Sample_11,90.0,8.0,1,1,2,-1.84
1797,Sample_11,90.0,8.0,1,1,2,-1.98
1798,Sample_11,90.0,8.0,1,1,2,-2.06
1799,Sample_11,90.0,8.0,1,1,2,-1.58
1800,Sample_11,90.0,8.0,1,1,2,-2.48
1801,Sample_11,90.0,8.0,1,1,2,-1.9
1802,Sample_11,90.0,8.0,1,1,2,-1.82
1803,Sample_11,90.0,8.0,1,1,2,-2.04
1804,Sample_11,90.0,8.0,1,1,2,-1.88
1805,Sample_11,90.0,8.0,1,1,2,-3.24
1806,Sample_11,90.0,8.0,1,1,2,-1.58
1807,Sample_11,90.0,8.0,1,1,2,-1.4
1808,Sample_11,90.0,8.0,1,1,2,-3.32
1809,Sample_11,90.0,8.0,1,1,2,-1.32
1810,Sample_11,90.0,8.0,1,1,2,-2.04
1811,Sample_11,90.0,8.0,1,1,2,-1.62
1812,Sample_11,90.0,8.0,1,1,2,-1.44
1813,Sample_11,90.0,8.0,1,1,2,-1.52
1814,Sample_11,90.0,8.0,1,1,2,-2.14
1815,Sample_11,90.0,8.0,1,1,2,-1.9
1816,Sample_11,90.0,8.0,1,1,2,-1.64
1817,Sample_11,90.0,8.0,1,1,2,-1.16
1818,Sample_11,90.0,8.0,1,1,2,-1.6
1819,Sample_11,90.0,8.0,1,1,2,-1.84
1820,Sample_11,90.0,8.0,1,1,2,-1.82
1821,Sample_11,90.0,8.0,1,1,2,-1.38
1822,Sample_11,90.0,8.0,1,1,2,-2.14
1823,Sample_11,90.0,8.0,1,1,2,-1.96
1824,Sample_11,90.0,8.0,1,1,2,-1.74
1825,Sample_11,90.0,8.0,1,1,2,-1.4
1826,Sample_11,90.0,8.0,1,1,2,-1.78
1827,Sample_11,90.0,8.0,1,1,2,-1.78
1828,Sample_11,90.0,8.0,1,1,2,-1.34
1829,Sample_11,90.0,8.0,1,1,2,-1.52
1830,Sample_11,90.0,8.0,1,1,2,-1.06
1832,Sample_11,90.0,8.0,1,1,2,-1.84
1833,Sample_11,90.0,8.0,1,1,2,-1.64
1834,Sample_11,90.0,8.0,1,1,2,-1.86
1835,Sample_11,90.0,8.0,1,1,2,-1.8
1836,Sample_11,90.0,8.0,1,1,2,-2.02
1837,Sample_11,90.0,8.0,1,1,2,-1.2
1838,Sample_11,90.0,8.0,1,1,2,-1.58
1839,Sample_11,90.0,8.0,1,1,2,-2.34
1840,Sample_11,90.0,8.0,1,1,2,-1.3
1841,Sample_11,90.0,8.0,1,1,2,-1.72
1842,Sample_11,90.0,8.0,1,1,2,-2.18
1843,Sample_11,90.0,8.0,1,1,2,-1.64
1844,Sample_11,90.0,8.0,1,1,2,-1.42
1845,Sample_11,90.0,8.0,1,1,2,-1.2
1846,Sample_11,90.0,8.0,1,1,2,-1.86
1847,Sample_11,90.0,8.0,1,1,2,-2.48
1848,Sample_11,90.0,8.0,1,1,2,-2.18
1849,Sample_11,90.0,8.0,1,1,2,-1.6
1850,Sample_11,90.0,8.0,1,1,2,-1.18
