,Sample,Baking temperature (Â°C),Baking time (hours),Resistive switching film,Bottom electrode material,Top electrode material,SET Voltage
1,Sample_A,140.0,2.0,0,0,2,4.95
2,Sample_A,140.0,2.0,0,0,2,1.45
3,Sample_A,140.0,2.0,0,0,2,2.3
4,Sample_A,140.0,2.0,0,0,2,3.3
5,Sample_A,140.0,2.0,0,0,2,1.75
6,Sample_A,140.0,2.0,0,0,2,3.72
7,Sample_A,140.0,2.0,0,0,2,4.17
8,Sample_A,140.0,2.0,0,0,2,4.07
9,Sample_A,140.0,2.0,0,0,2,3.25
11,Sample_A,140.0,2.0,0,0,2,4.9
12,Sample_A,140.0,2.0,0,0,2,3.67
13,Sample_A,140.0,2.0,0,0,2,3.9
14,Sample_A,140.0,2.0,0,0,2,3.9
15,Sample_A,140.0,2.0,0,0,2,0.725
16,Sample_A,140.0,2.0,0,0,2,2.25
17,Sample_A,140.0,2.0,0,0,2,4.65
18,Sample_A,140.0,2.0,0,0,2,4.47
24,Sample_A,140.0,2.0,0,0,2,2.45
25,Sample_A,140.0,2.0,0,0,2,2.2
27,Sample_A,140.0,2.0,0,0,2,4.4
28,Sample_A,140.0,2.0,0,0,2,5.775
30,Sample_A,140.0,2.0,0,0,2,2.73
31,Sample_A,140.0,2.0,0,0,2,2.65
32,Sample_A,140.0,2.0,0,0,2,2.77
33,Sample_A,140.0,2.0,0,0,2,1.6
36,Sample_A,140.0,2.0,0,0,2,2.4
37,Sample_A,140.0,2.0,0,0,2,2.8
38,Sample_A,140.0,2.0,0,0,2,3.02
39,Sample_A,140.0,2.0,0,0,2,3.3
40,Sample_A,140.0,2.0,0,0,2,3.45
41,Sample_A,140.0,2.0,0,0,2,3.15
44,Sample_A,140.0,2.0,0,0,2,0.975
45,Sample_A,140.0,2.0,0,0,2,1.35
46,Sample_A,140.0,2.0,0,0,2,1.875
47,Sample_A,140.0,2.0,0,0,2,5.7
49,Sample_A,140.0,2.0,0,0,2,0.775
51,Sample_A,140.0,2.0,0,0,2,1.8
52,Sample_A,140.0,2.0,0,0,2,1.9
53,Sample_A,140.0,2.0,0,0,2,1.85
57,Sample_A,140.0,2.0,0,0,2,1.27
58,Sample_A,140.0,2.0,0,0,2,2.42
59,Sample_A,140.0,2.0,0,0,2,0.75
60,Sample_A,140.0,2.0,0,0,2,1.02
61,Sample_A,140.0,2.0,0,0,2,2.15
62,Sample_A,140.0,2.0,0,0,2,2.45
65,Sample_A,140.0,2.0,0,0,2,3.27
67,Sample_A,140.0,2.0,0,0,2,2.97
68,Sample_A,140.0,2.0,0,0,2,2.2
69,Sample_A,140.0,2.0,0,0,2,2.675
71,Sample_A,140.0,2.0,0,0,2,1.675
72,Sample_A,140.0,2.0,0,0,2,2.625
73,Sample_A,140.0,2.0,0,0,2,2.85
74,Sample_A,140.0,2.0,0,0,2,2.85
75,Sample_A,140.0,2.0,0,0,2,2.8
77,Sample_A,140.0,2.0,0,0,2,2.52
78,Sample_A,140.0,2.0,0,0,2,2.55
79,Sample_A,140.0,2.0,0,0,2,3.67
80,Sample_A,140.0,2.0,0,0,2,3.025
81,Sample_A,140.0,2.0,0,0,2,3.35
82,Sample_A,140.0,2.0,0,0,2,9.5
83,Sample_A,140.0,2.0,0,0,2,0.8
84,Sample_A,140.0,2.0,0,0,2,0.525
86,Sample_A,140.0,2.0,0,0,2,1.02
87,Sample_A,140.0,2.0,0,0,2,1.27
88,Sample_A,140.0,2.0,0,0,2,2.17
91,Sample_A,140.0,2.0,0,0,2,3.05
92,Sample_A,140.0,2.0,0,0,2,2.55
93,Sample_A,140.0,2.0,0,0,2,4.92
94,Sample_A,140.0,2.0,0,0,2,5.1
95,Sample_A,140.0,2.0,0,0,2,5.12
96,Sample_A,140.0,2.0,0,0,2,5.15
97,Sample_A,140.0,2.0,0,0,2,5.25
98,Sample_A,140.0,2.0,0,0,2,5.27
99,Sample_A,140.0,2.0,0,0,2,6.57
100,Sample_A,140.0,2.0,0,0,2,5.97
102,Sample_A,140.0,2.0,0,0,2,5.2
103,Sample_A,140.0,2.0,0,0,2,5.02
104,Sample_A,140.0,2.0,0,0,2,3.15
105,Sample_A,140.0,2.0,0,0,2,5.0
106,Sample_A,140.0,2.0,0,0,2,3.9
107,Sample_A,140.0,2.0,0,0,2,1.05
108,Sample_A,140.0,2.0,0,0,2,1.02
109,Sample_A,140.0,2.0,0,0,2,0.625
110,Sample_A,140.0,2.0,0,0,2,2.77
112,Sample_A,140.0,2.0,0,0,2,2.3
113,Sample_A,140.0,2.0,0,0,2,2.4
115,Sample_A,140.0,2.0,0,0,2,3.77
116,Sample_A,140.0,2.0,0,0,2,-0.875
117,Sample_A,140.0,2.0,0,0,2,3.25
118,Sample_A,140.0,2.0,0,0,2,2.42
119,Sample_A,140.0,2.0,0,0,2,3.125
120,Sample_A,140.0,2.0,0,0,2,2.25
121,Sample_A,140.0,2.0,0,0,2,1.45
122,Sample_A,140.0,2.0,0,0,2,2.95
123,Sample_A,140.0,2.0,0,0,2,1.625
124,Sample_A,140.0,2.0,0,0,2,0.725
125,Sample_A,140.0,2.0,0,0,2,3.55
126,Sample_A,140.0,2.0,0,0,2,2.05
127,Sample_A,140.0,2.0,0,0,2,3.95
128,Sample_A,140.0,2.0,0,0,2,4.22
130,Sample_A,140.0,2.0,0,0,2,2.1
131,Sample_A,140.0,2.0,0,0,2,1.775
132,Sample_A,140.0,2.0,0,0,2,2.225
133,Sample_A,140.0,2.0,0,0,2,1.92
134,Sample_A,140.0,2.0,0,0,2,2.1
135,Sample_A,140.0,2.0,0,0,2,1.4
140,Sample_A,140.0,2.0,0,0,2,3.65
141,Sample_A,140.0,2.0,0,0,2,3.57
144,Sample_A,140.0,2.0,0,0,2,5.5
145,Sample_A,140.0,2.0,0,0,2,6.67
223,Sample_B,140.0,4.0,0,0,2,1.4
224,Sample_B,140.0,4.0,0,0,2,5.0
226,Sample_B,140.0,4.0,0,0,2,0.77
230,Sample_B,140.0,4.0,0,0,2,1.5
231,Sample_B,140.0,4.0,0,0,2,2.92
232,Sample_B,140.0,4.0,0,0,2,3.125
233,Sample_B,140.0,4.0,0,0,2,3.125
234,Sample_B,140.0,4.0,0,0,2,3.375
235,Sample_B,140.0,4.0,0,0,2,2.35
238,Sample_B,140.0,4.0,0,0,2,3.65
239,Sample_B,140.0,4.0,0,0,2,3.67
240,Sample_B,140.0,4.0,0,0,2,4.02
241,Sample_B,140.0,4.0,0,0,2,4.1
242,Sample_B,140.0,4.0,0,0,2,4.2
243,Sample_B,140.0,4.0,0,0,2,4.32
244,Sample_B,140.0,4.0,0,0,2,2.3
245,Sample_B,140.0,4.0,0,0,2,2.4
246,Sample_B,140.0,4.0,0,0,2,0.675
247,Sample_B,140.0,4.0,0,0,2,3.27
248,Sample_B,140.0,4.0,0,0,2,3.82
259,Sample_B,140.0,4.0,0,0,2,4.47
260,Sample_B,140.0,4.0,0,0,2,4.37
261,Sample_B,140.0,4.0,0,0,2,4.27
263,Sample_B,140.0,4.0,0,0,2,4.6
264,Sample_B,140.0,4.0,0,0,2,4.65
265,Sample_B,140.0,4.0,0,0,2,4.6
267,Sample_B,140.0,4.0,0,0,2,2.2
268,Sample_B,140.0,4.0,0,0,2,3.1
269,Sample_B,140.0,4.0,0,0,2,3.1
270,Sample_B,140.0,4.0,0,0,2,3.65
271,Sample_B,140.0,4.0,0,0,2,3.87
272,Sample_B,140.0,4.0,0,0,2,1.67
274,Sample_B,140.0,4.0,0,0,2,5.82
276,Sample_B,140.0,4.0,0,0,2,12.62
277,Sample_B,140.0,4.0,0,0,2,12.72
279,Sample_B,140.0,4.0,0,0,2,4.625
280,Sample_B,140.0,4.0,0,0,2,1.05
315,Sample_B,140.0,4.0,0,0,2,2.15
316,Sample_B,140.0,4.0,0,0,2,3.22
317,Sample_B,140.0,4.0,0,0,2,3.77
318,Sample_B,140.0,4.0,0,0,2,11.17
319,Sample_B,140.0,4.0,0,0,2,8.65
320,Sample_B,140.0,4.0,0,0,2,6.35
321,Sample_B,140.0,4.0,0,0,2,8.25
322,Sample_B,140.0,4.0,0,0,2,1.0
323,Sample_B,140.0,4.0,0,0,2,2.6
324,Sample_B,140.0,4.0,0,0,2,3.05
325,Sample_B,140.0,4.0,0,0,2,7.82
326,Sample_B,140.0,4.0,0,0,2,10.72
327,Sample_B,140.0,4.0,0,0,2,11.17
445,Sample_C,90.0,8.0,0,0,2,1.77
446,Sample_C,90.0,8.0,0,0,2,1.7
449,Sample_C,90.0,8.0,0,0,2,2.1
450,Sample_C,90.0,8.0,0,0,2,2.95
453,Sample_C,90.0,8.0,0,0,2,4.9
454,Sample_C,90.0,8.0,0,0,2,4.875
455,Sample_C,90.0,8.0,0,0,2,4.875
456,Sample_C,90.0,8.0,0,0,2,5.75
457,Sample_C,90.0,8.0,0,0,2,5.85
458,Sample_C,90.0,8.0,0,0,2,6.025
460,Sample_C,90.0,8.0,0,0,2,1.075
465,Sample_C,90.0,8.0,0,0,2,0.5
466,Sample_C,90.0,8.0,0,0,2,0.975
467,Sample_C,90.0,8.0,0,0,2,1.5
468,Sample_C,90.0,8.0,0,0,2,1.05
470,Sample_C,90.0,8.0,0,0,2,2.3
471,Sample_C,90.0,8.0,0,0,2,3.075
474,Sample_C,90.0,8.0,0,0,2,1.3
476,Sample_C,90.0,8.0,0,0,2,4.3
477,Sample_C,90.0,8.0,0,0,2,3.17
478,Sample_C,90.0,8.0,0,0,2,4.0
480,Sample_C,90.0,8.0,0,0,2,3.42
481,Sample_C,90.0,8.0,0,0,2,2.77
482,Sample_C,90.0,8.0,0,0,2,3.67
483,Sample_C,90.0,8.0,0,0,2,6.52
484,Sample_C,90.0,8.0,0,0,2,4.22
485,Sample_C,90.0,8.0,0,0,2,1.77
486,Sample_C,90.0,8.0,0,0,2,3.82
487,Sample_C,90.0,8.0,0,0,2,1.77
489,Sample_C,90.0,8.0,0,0,2,5.67
490,Sample_C,90.0,8.0,0,0,2,5.65
492,Sample_C,90.0,8.0,0,0,2,2.65
493,Sample_C,90.0,8.0,0,0,2,2.27
494,Sample_C,90.0,8.0,0,0,2,3.15
495,Sample_C,90.0,8.0,0,0,2,2.95
496,Sample_C,90.0,8.0,0,0,2,6.22
499,Sample_C,90.0,8.0,0,0,2,4.37
500,Sample_C,90.0,8.0,0,0,2,4.0
501,Sample_C,90.0,8.0,0,0,2,8.2
502,Sample_C,90.0,8.0,0,0,2,1.15
503,Sample_C,90.0,8.0,0,0,2,3.275
504,Sample_C,90.0,8.0,0,0,2,8.075
505,Sample_C,90.0,8.0,0,0,2,5.0
506,Sample_C,90.0,8.0,0,0,2,1.6
507,Sample_C,90.0,8.0,0,0,2,3.175
508,Sample_C,90.0,8.0,0,0,2,3.825
509,Sample_C,90.0,8.0,0,0,2,5.35
510,Sample_C,90.0,8.0,0,0,2,4.15
511,Sample_C,90.0,8.0,0,0,2,5.125
512,Sample_C,90.0,8.0,0,0,2,4.5
667,Sample_D,140.0,2.0,0,1,2,2.1
669,Sample_D,140.0,2.0,0,1,2,5.1
670,Sample_D,140.0,2.0,0,1,2,8.5
673,Sample_D,140.0,2.0,0,1,2,13.4
674,Sample_D,140.0,2.0,0,1,2,6.92
675,Sample_D,140.0,2.0,0,1,2,11.35
676,Sample_D,140.0,2.0,0,1,2,2.97
678,Sample_D,140.0,2.0,0,1,2,6.4
679,Sample_D,140.0,2.0,0,1,2,3.62
680,Sample_D,140.0,2.0,0,1,2,2.02
681,Sample_D,140.0,2.0,0,1,2,4.1
682,Sample_D,140.0,2.0,0,1,2,3.2
683,Sample_D,140.0,2.0,0,1,2,2.22
684,Sample_D,140.0,2.0,0,1,2,1.57
685,Sample_D,140.0,2.0,0,1,2,3.02
689,Sample_D,140.0,2.0,0,1,2,3.35
690,Sample_D,140.0,2.0,0,1,2,1.825
691,Sample_D,140.0,2.0,0,1,2,2.55
692,Sample_D,140.0,2.0,0,1,2,1.6
693,Sample_D,140.0,2.0,0,1,2,1.975
694,Sample_D,140.0,2.0,0,1,2,1.28
697,Sample_D,140.0,2.0,0,1,2,2.0
698,Sample_D,140.0,2.0,0,1,2,0.8
699,Sample_D,140.0,2.0,0,1,2,2.15
700,Sample_D,140.0,2.0,0,1,2,1.65
701,Sample_D,140.0,2.0,0,1,2,2.075
702,Sample_D,140.0,2.0,0,1,2,1.475
703,Sample_D,140.0,2.0,0,1,2,2.487
704,Sample_D,140.0,2.0,0,1,2,2.175
705,Sample_D,140.0,2.0,0,1,2,4.125
706,Sample_D,140.0,2.0,0,1,2,1.25
707,Sample_D,140.0,2.0,0,1,2,0.9
708,Sample_D,140.0,2.0,0,1,2,1.525
709,Sample_D,140.0,2.0,0,1,2,1.6
710,Sample_D,140.0,2.0,0,1,2,2.225
711,Sample_D,140.0,2.0,0,1,2,1.8
712,Sample_D,140.0,2.0,0,1,2,1.125
713,Sample_D,140.0,2.0,0,1,2,0.95
714,Sample_D,140.0,2.0,0,1,2,1.025
715,Sample_D,140.0,2.0,0,1,2,1.2
716,Sample_D,140.0,2.0,0,1,2,1.375
717,Sample_D,140.0,2.0,0,1,2,0.55
718,Sample_D,140.0,2.0,0,1,2,1.05
719,Sample_D,140.0,2.0,0,1,2,1.175
720,Sample_D,140.0,2.0,0,1,2,1.35
721,Sample_D,140.0,2.0,0,1,2,1.375
722,Sample_D,140.0,2.0,0,1,2,0.85
723,Sample_D,140.0,2.0,0,1,2,1.05
724,Sample_D,140.0,2.0,0,1,2,0.8
725,Sample_D,140.0,2.0,0,1,2,1.05
726,Sample_D,140.0,2.0,0,1,2,0.85
727,Sample_D,140.0,2.0,0,1,2,0.9
728,Sample_D,140.0,2.0,0,1,2,1.625
729,Sample_D,140.0,2.0,0,1,2,1.025
730,Sample_D,140.0,2.0,0,1,2,3.5
731,Sample_D,140.0,2.0,0,1,2,1.1
732,Sample_D,140.0,2.0,0,1,2,2.05
733,Sample_D,140.0,2.0,0,1,2,1.025
734,Sample_D,140.0,2.0,0,1,2,1.35
735,Sample_D,140.0,2.0,0,1,2,1.425
736,Sample_D,140.0,2.0,0,1,2,1.575
737,Sample_D,140.0,2.0,0,1,2,1.425
738,Sample_D,140.0,2.0,0,1,2,0.65
739,Sample_D,140.0,2.0,0,1,2,1.225
740,Sample_D,140.0,2.0,0,1,2,1.125
741,Sample_D,140.0,2.0,0,1,2,0.9
889,Sample_E,140.0,4.0,0,1,2,2.8
891,Sample_E,140.0,4.0,0,1,2,7.5
892,Sample_E,140.0,4.0,0,1,2,2.2
895,Sample_E,140.0,4.0,0,1,2,2.6
896,Sample_E,140.0,4.0,0,1,2,5.4
897,Sample_E,140.0,4.0,0,1,2,2.825
898,Sample_E,140.0,4.0,0,1,2,3.1
899,Sample_E,140.0,4.0,0,1,2,4.175
1111,Sample_E,90.0,8.0,0,1,2,2.8
1113,Sample_E,90.0,8.0,0,1,2,1.8
1114,Sample_E,90.0,8.0,0,1,2,2.1
1117,Sample_E,90.0,8.0,0,1,2,0.825
1118,Sample_E,90.0,8.0,0,1,2,2.125
1119,Sample_E,90.0,8.0,0,1,2,1.27
1120,Sample_E,90.0,8.0,0,1,2,2.92
1121,Sample_E,90.0,8.0,0,1,2,6.12
1122,Sample_E,90.0,8.0,0,1,2,2.37
1127,Sample_E,90.0,8.0,0,1,2,1.05
1129,Sample_E,90.0,8.0,0,1,2,2.25
1130,Sample_E,90.0,8.0,0,1,2,2.7
1131,Sample_E,90.0,8.0,0,1,2,2.1
1132,Sample_E,90.0,8.0,0,1,2,2.25
1133,Sample_E,90.0,8.0,0,1,2,1.85
1134,Sample_E,90.0,8.0,0,1,2,2.775
1136,Sample_E,90.0,8.0,0,1,2,4.9
1137,Sample_E,90.0,8.0,0,1,2,0.85
1138,Sample_E,90.0,8.0,0,1,2,1.2
1139,Sample_E,90.0,8.0,0,1,2,1.125
1140,Sample_E,90.0,8.0,0,1,2,2.375
1143,Sample_E,90.0,8.0,0,1,2,4.25
1144,Sample_E,90.0,8.0,0,1,2,1.75
1146,Sample_E,90.0,8.0,0,1,2,2.95
1147,Sample_E,90.0,8.0,0,1,2,4.02
1148,Sample_E,90.0,8.0,0,1,2,5.92
1150,Sample_E,90.0,8.0,0,1,2,5.92
1151,Sample_E,90.0,8.0,0,1,2,8.45
1152,Sample_E,90.0,8.0,0,1,2,1.57
1153,Sample_E,90.0,8.0,0,1,2,6.07
1154,Sample_E,90.0,8.0,0,1,2,1.72
1155,Sample_E,90.0,8.0,0,1,2,8.07
1157,Sample_E,90.0,8.0,0,1,2,11.27
1159,Sample_E,90.0,8.0,0,1,2,1.25
1160,Sample_E,90.0,8.0,0,1,2,1.37
1161,Sample_E,90.0,8.0,0,1,2,2.8
1163,Sample_E,90.0,8.0,0,1,2,2.87
1165,Sample_E,90.0,8.0,0,1,2,0.45
1167,Sample_E,90.0,8.0,0,1,2,0.55
1168,Sample_E,90.0,8.0,0,1,2,0.275
1169,Sample_E,90.0,8.0,0,1,2,1.0
1170,Sample_E,90.0,8.0,0,1,2,1.22
1171,Sample_E,90.0,8.0,0,1,2,1.325
1172,Sample_E,90.0,8.0,0,1,2,1.125
1173,Sample_E,90.0,8.0,0,1,2,1.225
1174,Sample_E,90.0,8.0,0,1,2,1.65
1175,Sample_E,90.0,8.0,0,1,2,0.725
1176,Sample_E,90.0,8.0,0,1,2,0.725
1177,Sample_E,90.0,8.0,0,1,2,0.725
1178,Sample_E,90.0,8.0,0,1,2,0.7
1179,Sample_E,90.0,8.0,0,1,2,0.725
1180,Sample_E,90.0,8.0,0,1,2,3.42
1181,Sample_E,90.0,8.0,0,1,2,3.72
1182,Sample_E,90.0,8.0,0,1,2,5.675
1183,Sample_E,90.0,8.0,0,1,2,1.925
1185,Sample_E,90.0,8.0,0,1,2,5.5
1186,Sample_E,90.0,8.0,0,1,2,5.575
1187,Sample_E,90.0,8.0,0,1,2,1.975
1189,Sample_E,90.0,8.0,0,1,2,1.72
1190,Sample_E,90.0,8.0,0,1,2,0.925
1191,Sample_E,90.0,8.0,0,1,2,1.3
1192,Sample_E,90.0,8.0,0,1,2,0.85
1193,Sample_E,90.0,8.0,0,1,2,1.15
1194,Sample_E,90.0,8.0,0,1,2,1.975
1195,Sample_E,90.0,8.0,0,1,2,4.4
1196,Sample_E,90.0,8.0,0,1,2,1.55
1197,Sample_E,90.0,8.0,0,1,2,3.525
1198,Sample_E,90.0,8.0,0,1,2,5.625
1199,Sample_E,90.0,8.0,0,1,2,0.3
1200,Sample_E,90.0,8.0,0,1,2,0.475
1201,Sample_E,90.0,8.0,0,1,2,1.175
1202,Sample_E,90.0,8.0,0,1,2,0.85
1203,Sample_E,90.0,8.0,0,1,2,0.525
1204,Sample_E,90.0,8.0,0,1,2,0.4
1205,Sample_E,90.0,8.0,0,1,2,0.575
1209,Sample_E,90.0,8.0,0,1,2,3.15
1210,Sample_E,90.0,8.0,0,1,2,1.325
1211,Sample_E,90.0,8.0,0,1,2,1.125
1212,Sample_E,90.0,8.0,0,1,2,2.1
1213,Sample_E,90.0,8.0,0,1,2,3.425
1214,Sample_E,90.0,8.0,0,1,2,2.0
1216,Sample_E,90.0,8.0,0,1,2,0.725
1218,Sample_E,90.0,8.0,0,1,2,0.85
1219,Sample_E,90.0,8.0,0,1,2,1.25
1220,Sample_E,90.0,8.0,0,1,2,8.575
1222,Sample_E,90.0,8.0,0,1,2,1.6
1223,Sample_E,90.0,8.0,0,1,2,2.6
1224,Sample_E,90.0,8.0,0,1,2,4.6
1225,Sample_E,90.0,8.0,0,1,2,3.875
1226,Sample_E,90.0,8.0,0,1,2,5.85
1227,Sample_E,90.0,8.0,0,1,2,7.225
1228,Sample_E,90.0,8.0,0,1,2,14.4
1332,Sample_F,90.0,8.0,1,0,2,1.1
1333,Sample_F,90.0,8.0,1,0,2,1.18
1334,Sample_F,90.0,8.0,1,0,2,1.26
1335,Sample_F,90.0,8.0,1,0,2,1.32
1336,Sample_F,90.0,8.0,1,0,2,0.58
1337,Sample_F,90.0,8.0,1,0,2,0.94
1338,Sample_F,90.0,8.0,1,0,2,0.46
1339,Sample_F,90.0,8.0,1,0,2,1.36
1340,Sample_F,90.0,8.0,1,0,2,0.5
1341,Sample_F,90.0,8.0,1,0,2,1.08
1342,Sample_F,90.0,8.0,1,0,2,1.92
1343,Sample_F,90.0,8.0,1,0,2,1.34
1344,Sample_F,90.0,8.0,1,0,2,1.48
1345,Sample_F,90.0,8.0,1,0,2,1.8
1346,Sample_F,90.0,8.0,1,0,2,1.6
1347,Sample_F,90.0,8.0,1,0,2,1.42
1348,Sample_F,90.0,8.0,1,0,2,2.02
1349,Sample_F,90.0,8.0,1,0,2,2.5
1350,Sample_F,90.0,8.0,1,0,2,1.42
1351,Sample_F,90.0,8.0,1,0,2,2.44
1352,Sample_F,90.0,8.0,1,0,2,4.74
1353,Sample_F,90.0,8.0,1,0,2,1.8
1354,Sample_F,90.0,8.0,1,0,2,3.62
1355,Sample_F,90.0,8.0,1,0,2,1.0
1356,Sample_F,90.0,8.0,1,0,2,3.96
1357,Sample_F,90.0,8.0,1,0,2,4.82
1358,Sample_F,90.0,8.0,1,0,2,3.74
1359,Sample_F,90.0,8.0,1,0,2,0.76
1360,Sample_F,90.0,8.0,1,0,2,3.56
1361,Sample_F,90.0,8.0,1,0,2,4.96
1362,Sample_F,90.0,8.0,1,0,2,1.86
1363,Sample_F,90.0,8.0,1,0,2,2.24
1364,Sample_F,90.0,8.0,1,0,2,2.24
1365,Sample_F,90.0,8.0,1,0,2,2.36
1366,Sample_F,90.0,8.0,1,0,2,1.66
1367,Sample_F,90.0,8.0,1,0,2,3.02
1368,Sample_F,90.0,8.0,1,0,2,3.16
1369,Sample_F,90.0,8.0,1,0,2,1.68
1370,Sample_F,90.0,8.0,1,0,2,1.32
1371,Sample_F,90.0,8.0,1,0,2,3.4
1372,Sample_F,90.0,8.0,1,0,2,1.34
1373,Sample_F,90.0,8.0,1,0,2,0.8
1374,Sample_F,90.0,8.0,1,0,2,0.88
1375,Sample_F,90.0,8.0,1,0,2,1.64
1376,Sample_F,90.0,8.0,1,0,2,1.08
1377,Sample_F,90.0,8.0,1,0,2,0.86
1378,Sample_F,90.0,8.0,1,0,2,0.74
1379,Sample_F,90.0,8.0,1,0,2,1.94
1380,Sample_F,90.0,8.0,1,0,2,2.24
1381,Sample_F,90.0,8.0,1,0,2,2.12
1382,Sample_F,90.0,8.0,1,0,2,1.06
1383,Sample_F,90.0,8.0,1,0,2,1.22
1384,Sample_F,90.0,8.0,1,0,2,2.64
1385,Sample_F,90.0,8.0,1,0,2,0.9
1386,Sample_F,90.0,8.0,1,0,2,1.46
1387,Sample_F,90.0,8.0,1,0,2,0.48
1388,Sample_F,90.0,8.0,1,0,2,1.28
1389,Sample_F,90.0,8.0,1,0,2,1.28
1390,Sample_F,90.0,8.0,1,0,2,0.58
1391,Sample_F,90.0,8.0,1,0,2,0.74
1392,Sample_F,90.0,8.0,1,0,2,0.82
1393,Sample_F,90.0,8.0,1,0,2,1.16
1394,Sample_F,90.0,8.0,1,0,2,1.14
1395,Sample_F,90.0,8.0,1,0,2,1.16
1396,Sample_F,90.0,8.0,1,0,2,1.46
1397,Sample_F,90.0,8.0,1,0,2,1.28
1398,Sample_F,90.0,8.0,1,0,2,1.08
1399,Sample_F,90.0,8.0,1,0,2,1.46
1400,Sample_F,90.0,8.0,1,0,2,1.54
1401,Sample_F,90.0,8.0,1,0,2,0.66
1402,Sample_F,90.0,8.0,1,0,2,0.96
1403,Sample_F,90.0,8.0,1,0,2,0.86
1404,Sample_F,90.0,8.0,1,0,2,0.68
1405,Sample_F,90.0,8.0,1,0,2,0.92
1406,Sample_F,90.0,8.0,1,0,2,0.92
1407,Sample_F,90.0,8.0,1,0,2,0.94
1408,Sample_F,90.0,8.0,1,0,2,0.66
1409,Sample_F,90.0,8.0,1,0,2,1.58
1410,Sample_F,90.0,8.0,1,0,2,0.66
1411,Sample_F,90.0,8.0,1,0,2,1.56
1412,Sample_F,90.0,8.0,1,0,2,1.48
1413,Sample_F,90.0,8.0,1,0,2,0.68
1414,Sample_F,90.0,8.0,1,0,2,0.58
1415,Sample_F,90.0,8.0,1,0,2,1.0
1416,Sample_F,90.0,8.0,1,0,2,0.98
1417,Sample_F,90.0,8.0,1,0,2,0.82
1418,Sample_F,90.0,8.0,1,0,2,2.0
1419,Sample_F,90.0,8.0,1,0,2,1.0
1420,Sample_F,90.0,8.0,1,0,2,0.62
1421,Sample_F,90.0,8.0,1,0,2,0.62
1422,Sample_F,90.0,8.0,1,0,2,3.94
1423,Sample_F,90.0,8.0,1,0,2,1.58
1424,Sample_F,90.0,8.0,1,0,2,2.54
1426,Sample_F,90.0,8.0,1,0,2,1.04
1427,Sample_F,90.0,8.0,1,0,2,3.92
1428,Sample_F,90.0,8.0,1,0,2,1.92
1429,Sample_F,90.0,8.0,1,0,2,1.24
1430,Sample_F,90.0,8.0,1,0,2,4.3
1431,Sample_F,90.0,8.0,1,0,2,0.86
1432,Sample_F,90.0,8.0,1,0,2,1.32
1433,Sample_F,90.0,8.0,1,0,2,1.42
1434,Sample_F,90.0,8.0,1,0,2,0.794
1435,Sample_F,90.0,8.0,1,0,2,0.64
1436,Sample_F,90.0,8.0,1,0,2,0.64
1437,Sample_F,90.0,8.0,1,0,2,0.6
1438,Sample_F,90.0,8.0,1,0,2,0.68
1439,Sample_F,90.0,8.0,1,0,2,0.74
1440,Sample_F,90.0,8.0,1,0,2,0.72
1441,Sample_F,90.0,8.0,1,0,2,1.34
1442,Sample_F,90.0,8.0,1,0,2,0.64
1443,Sample_F,90.0,8.0,1,0,2,0.8
1444,Sample_F,90.0,8.0,1,0,2,0.96
1445,Sample_F,90.0,8.0,1,0,2,1.68
1446,Sample_F,90.0,8.0,1,0,2,0.7
1447,Sample_F,90.0,8.0,1,0,2,0.72
1448,Sample_F,90.0,8.0,1,0,2,0.78
1449,Sample_F,90.0,8.0,1,0,2,0.86
1450,Sample_F,90.0,8.0,1,0,2,0.78
1451,Sample_F,90.0,8.0,1,0,2,0.82
1452,Sample_F,90.0,8.0,1,0,2,0.62
1453,Sample_F,90.0,8.0,1,0,2,0.72
1454,Sample_F,90.0,8.0,1,0,2,0.86
1455,Sample_F,90.0,8.0,1,0,2,1.02
1456,Sample_F,90.0,8.0,1,0,2,0.78
1457,Sample_F,90.0,8.0,1,0,2,1.38
1458,Sample_F,90.0,8.0,1,0,2,1.0
1459,Sample_F,90.0,8.0,1,0,2,1.0
1460,Sample_F,90.0,8.0,1,0,2,1.0
1461,Sample_F,90.0,8.0,1,0,2,1.2
1462,Sample_F,90.0,8.0,1,0,2,1.62
1463,Sample_F,90.0,8.0,1,0,2,1.86
1464,Sample_F,90.0,8.0,1,0,2,1.48
1465,Sample_F,90.0,8.0,1,0,2,2.72
1466,Sample_F,90.0,8.0,1,0,2,1.48
1467,Sample_F,90.0,8.0,1,0,2,0.92
1468,Sample_F,90.0,8.0,1,0,2,0.72
1469,Sample_F,90.0,8.0,1,0,2,0.86
1470,Sample_F,90.0,8.0,1,0,2,0.94
1471,Sample_F,90.0,8.0,1,0,2,0.94
1472,Sample_F,90.0,8.0,1,0,2,4.34
1473,Sample_F,90.0,8.0,1,0,2,4.42
1474,Sample_F,90.0,8.0,1,0,2,3.18
1475,Sample_F,90.0,8.0,1,0,2,2.56
1476,Sample_F,90.0,8.0,1,0,2,4.02
1477,Sample_F,90.0,8.0,1,0,2,2.24
1478,Sample_F,90.0,8.0,1,0,2,1.84
1479,Sample_F,90.0,8.0,1,0,2,3.56
1480,Sample_F,90.0,8.0,1,0,2,3.84
1481,Sample_F,90.0,8.0,1,0,2,2.76
1482,Sample_F,90.0,8.0,1,0,2,1.98
1483,Sample_F,90.0,8.0,1,0,2,2.48
1484,Sample_F,90.0,8.0,1,0,2,2.68
1485,Sample_F,90.0,8.0,1,0,2,1.76
1486,Sample_F,90.0,8.0,1,0,2,1.54
1487,Sample_F,90.0,8.0,1,0,2,1.32
1488,Sample_F,90.0,8.0,1,0,2,1.16
1489,Sample_F,90.0,8.0,1,0,2,1.16
1490,Sample_F,90.0,8.0,1,0,2,1.44
1491,Sample_F,90.0,8.0,1,0,2,1.1
1492,Sample_F,90.0,8.0,1,0,2,1.14
1493,Sample_F,90.0,8.0,1,0,2,1.52
1494,Sample_F,90.0,8.0,1,0,2,3.6
1495,Sample_F,90.0,8.0,1,0,2,2.92
1496,Sample_F,90.0,8.0,1,0,2,2.44
1497,Sample_F,90.0,8.0,1,0,2,3.16
1498,Sample_F,90.0,8.0,1,0,2,0.86
1499,Sample_F,90.0,8.0,1,0,2,1.5
1500,Sample_F,90.0,8.0,1,0,2,1.76
1501,Sample_F,90.0,8.0,1,0,2,3.42
1502,Sample_F,90.0,8.0,1,0,2,1.34
1503,Sample_F,90.0,8.0,1,0,2,1.44
1504,Sample_F,90.0,8.0,1,0,2,1.5
1505,Sample_F,90.0,8.0,1,0,2,1.86
1506,Sample_F,90.0,8.0,1,0,2,1.38
1507,Sample_F,90.0,8.0,1,0,2,1.2
1508,Sample_F,90.0,8.0,1,0,2,1.41
1509,Sample_G,140.0,2.0,1,1,2,1.88
1510,Sample_G,140.0,2.0,1,1,2,1.2
1511,Sample_G,140.0,2.0,1,1,2,1.5
1512,Sample_G,140.0,2.0,1,1,2,2.62
1513,Sample_G,140.0,2.0,1,1,2,2.8
1514,Sample_G,140.0,2.0,1,1,2,3.24
1515,Sample_G,140.0,2.0,1,1,2,3.12
1516,Sample_G,140.0,2.0,1,1,2,1.4
1517,Sample_G,140.0,2.0,1,1,2,1.14
1518,Sample_G,140.0,2.0,1,1,2,1.36
1519,Sample_G,140.0,2.0,1,1,2,1.22
1520,Sample_G,140.0,2.0,1,1,2,1.16
1521,Sample_G,140.0,2.0,1,1,2,1.72
1522,Sample_G,140.0,2.0,1,1,2,2.06
1523,Sample_G,140.0,2.0,1,1,2,1.26
1524,Sample_G,140.0,2.0,1,1,2,1.64
1525,Sample_G,140.0,2.0,1,1,2,2.36
1526,Sample_G,140.0,2.0,1,1,2,2.16
1527,Sample_G,140.0,2.0,1,1,2,1.44
1528,Sample_G,140.0,2.0,1,1,2,2.54
1529,Sample_G,140.0,2.0,1,1,2,2.14
1530,Sample_G,140.0,2.0,1,1,2,2.6
1531,Sample_G,140.0,2.0,1,1,2,2.84
1532,Sample_G,140.0,2.0,1,1,2,3.24
1533,Sample_G,140.0,2.0,1,1,2,3.46
1534,Sample_G,140.0,2.0,1,1,2,3.82
1535,Sample_G,140.0,2.0,1,1,2,2.22
1536,Sample_G,140.0,2.0,1,1,2,2.7
1537,Sample_G,140.0,2.0,1,1,2,2.06
1538,Sample_G,140.0,2.0,1,1,2,2.58
1539,Sample_G,140.0,2.0,1,1,2,1.54
1540,Sample_G,140.0,2.0,1,1,2,3.45
1541,Sample_G,140.0,2.0,1,1,2,2.64
1542,Sample_G,140.0,2.0,1,1,2,3.04
1543,Sample_G,140.0,2.0,1,1,2,3.26
1544,Sample_G,140.0,2.0,1,1,2,3.62
1545,Sample_G,140.0,2.0,1,1,2,2.04
1546,Sample_G,140.0,2.0,1,1,2,3.74
1547,Sample_G,140.0,2.0,1,1,2,2.68
1548,Sample_G,140.0,2.0,1,1,2,3.28
1549,Sample_G,140.0,2.0,1,1,2,1.16
1550,Sample_G,140.0,2.0,1,1,2,1.5
1551,Sample_G,140.0,2.0,1,1,2,1.76
1552,Sample_G,140.0,2.0,1,1,2,3.12
1553,Sample_G,140.0,2.0,1,1,2,1.54
1554,Sample_G,140.0,2.0,1,1,2,2.38
1555,Sample_G,140.0,2.0,1,1,2,2.78
1556,Sample_G,140.0,2.0,1,1,2,1.35
1557,Sample_G,140.0,2.0,1,1,2,1.46
1558,Sample_G,140.0,2.0,1,1,2,2.12
1559,Sample_G,140.0,2.0,1,1,2,2.8
1560,Sample_G,140.0,2.0,1,1,2,2.96
1561,Sample_G,140.0,2.0,1,1,2,3.16
1562,Sample_G,140.0,2.0,1,1,2,3.28
1563,Sample_G,140.0,2.0,1,1,2,2.52
1564,Sample_G,140.0,2.0,1,1,2,2.34
1565,Sample_G,140.0,2.0,1,1,2,2.04
1566,Sample_G,140.0,2.0,1,1,2,2.38
1567,Sample_G,140.0,2.0,1,1,2,2.06
1568,Sample_G,140.0,2.0,1,1,2,2.52
1569,Sample_G,140.0,2.0,1,1,2,3.54
1570,Sample_G,140.0,2.0,1,1,2,2.42
1571,Sample_G,140.0,2.0,1,1,2,2.18
1572,Sample_G,140.0,2.0,1,1,2,3.26
1573,Sample_G,140.0,2.0,1,1,2,2.12
1574,Sample_G,140.0,2.0,1,1,2,0.92
1575,Sample_G,140.0,2.0,1,1,2,1.26
1576,Sample_G,140.0,2.0,1,1,2,2.3
1577,Sample_G,140.0,2.0,1,1,2,2.36
1578,Sample_G,140.0,2.0,1,1,2,2.38
1579,Sample_G,140.0,2.0,1,1,2,2.46
1580,Sample_G,140.0,2.0,1,1,2,2.6
1581,Sample_G,140.0,2.0,1,1,2,2.94
1582,Sample_G,140.0,2.0,1,1,2,1.4
1583,Sample_G,140.0,2.0,1,1,2,2.54
1584,Sample_G,140.0,2.0,1,1,2,2.89
1585,Sample_G,140.0,2.0,1,1,2,3.22
1586,Sample_G,140.0,2.0,1,1,2,3.1
1587,Sample_G,140.0,2.0,1,1,2,2.84
1588,Sample_G,140.0,2.0,1,1,2,3.5
1589,Sample_G,140.0,2.0,1,1,2,3.56
1590,Sample_G,140.0,2.0,1,1,2,2.56
1591,Sample_G,140.0,2.0,1,1,2,2.35
1592,Sample_G,140.0,2.0,1,1,2,1.1
1594,Sample_G,140.0,2.0,1,1,2,2.5
1595,Sample_G,140.0,2.0,1,1,2,1.64
1596,Sample_G,140.0,2.0,1,1,2,1.2
1597,Sample_G,140.0,2.0,1,1,2,3.06
1599,Sample_G,140.0,2.0,1,1,2,3.56
1601,Sample_G,140.0,2.0,1,1,2,3.48
1602,Sample_G,140.0,2.0,1,1,2,2.3
1603,Sample_G,140.0,2.0,1,1,2,3.28
1604,Sample_G,140.0,2.0,1,1,2,2.98
1605,Sample_G,140.0,2.0,1,1,2,2.06
1606,Sample_G,140.0,2.0,1,1,2,2.88
1607,Sample_G,140.0,2.0,1,1,2,3.28
1608,Sample_G,140.0,2.0,1,1,2,2.74
1609,Sample_G,140.0,2.0,1,1,2,3.64
1611,Sample_G,140.0,2.0,1,1,2,3.84
1612,Sample_G,140.0,2.0,1,1,2,2.22
1613,Sample_G,140.0,2.0,1,1,2,2.9
1614,Sample_G,140.0,2.0,1,1,2,2.85
1615,Sample_G,140.0,2.0,1,1,2,3.4
1616,Sample_G,140.0,2.0,1,1,2,3.6
1617,Sample_G,140.0,2.0,1,1,2,1.1
1618,Sample_G,140.0,2.0,1,1,2,3.5
1619,Sample_G,140.0,2.0,1,1,2,2.0
1620,Sample_G,140.0,2.0,1,1,2,4.08
1621,Sample_G,140.0,2.0,1,1,2,3.32
1622,Sample_G,140.0,2.0,1,1,2,3.7
1623,Sample_G,140.0,2.0,1,1,2,2.62
1624,Sample_G,140.0,2.0,1,1,2,3.4
1625,Sample_G,140.0,2.0,1,1,2,2.74
1626,Sample_G,140.0,2.0,1,1,2,1.56
1627,Sample_G,140.0,2.0,1,1,2,1.8
1628,Sample_G,140.0,2.0,1,1,2,2.0
1629,Sample_H,90.0,8.0,1,1,2,3.28
1630,Sample_H,90.0,8.0,1,1,2,5.86
1631,Sample_H,90.0,8.0,1,1,2,2.14
1632,Sample_H,90.0,8.0,1,1,2,2.42
1633,Sample_H,90.0,8.0,1,1,2,5.38
1634,Sample_H,90.0,8.0,1,1,2,4.38
1635,Sample_H,90.0,8.0,1,1,2,5.12
1636,Sample_H,90.0,8.0,1,1,2,2.85
1637,Sample_H,90.0,8.0,1,1,2,4.78
1638,Sample_H,90.0,8.0,1,1,2,3.44
1639,Sample_H,90.0,8.0,1,1,2,3.16
1640,Sample_H,90.0,8.0,1,1,2,3.12
1641,Sample_H,90.0,8.0,1,1,2,2.48
1642,Sample_H,90.0,8.0,1,1,2,3.0
1643,Sample_H,90.0,8.0,1,1,2,3.665
1644,Sample_H,90.0,8.0,1,1,2,4.6
1645,Sample_H,90.0,8.0,1,1,2,4.82
1646,Sample_H,90.0,8.0,1,1,2,4.16
1647,Sample_H,90.0,8.0,1,1,2,3.2
1648,Sample_H,90.0,8.0,1,1,2,5.2
1649,Sample_H,90.0,8.0,1,1,2,4.48
1650,Sample_H,90.0,8.0,1,1,2,3.4
1651,Sample_H,90.0,8.0,1,1,2,4.78
1652,Sample_H,90.0,8.0,1,1,2,4.06
1653,Sample_H,90.0,8.0,1,1,2,2.4
1654,Sample_H,90.0,8.0,1,1,2,2.84
1655,Sample_H,90.0,8.0,1,1,2,6.3
1656,Sample_H,90.0,8.0,1,1,2,5.96
1657,Sample_H,90.0,8.0,1,1,2,6.06
1658,Sample_H,90.0,8.0,1,1,2,3.38
1659,Sample_H,90.0,8.0,1,1,2,5.78
1660,Sample_H,90.0,8.0,1,1,2,3.78
1661,Sample_H,90.0,8.0,1,1,2,4.5
1662,Sample_H,90.0,8.0,1,1,2,2.72
1663,Sample_H,90.0,8.0,1,1,2,2.98
1664,Sample_H,90.0,8.0,1,1,2,1.3
1665,Sample_H,90.0,8.0,1,1,2,5.46
1666,Sample_H,90.0,8.0,1,1,2,3.9
1667,Sample_H,90.0,8.0,1,1,2,3.86
1668,Sample_H,90.0,8.0,1,1,2,5.98
1669,Sample_H,90.0,8.0,1,1,2,4.7
1670,Sample_H,90.0,8.0,1,1,2,5.64
1671,Sample_H,90.0,8.0,1,1,2,5.98
1672,Sample_H,90.0,8.0,1,1,2,3.6
1673,Sample_H,90.0,8.0,1,1,2,2.74
1674,Sample_H,90.0,8.0,1,1,2,4.42
1675,Sample_H,90.0,8.0,1,1,2,4.3
1676,Sample_H,90.0,8.0,1,1,2,5.3
1677,Sample_H,90.0,8.0,1,1,2,6.36
1678,Sample_H,90.0,8.0,1,1,2,3.42
1679,Sample_H,90.0,8.0,1,1,2,4.32
1680,Sample_H,90.0,8.0,1,1,2,1.4
1681,Sample_H,90.0,8.0,1,1,2,3.74
1682,Sample_H,90.0,8.0,1,1,2,4.36
1683,Sample_H,90.0,8.0,1,1,2,4.82
1684,Sample_H,90.0,8.0,1,1,2,4.58
1685,Sample_H,90.0,8.0,1,1,2,5.18
1686,Sample_H,90.0,8.0,1,1,2,6.24
1687,Sample_H,90.0,8.0,1,1,2,2.94
1688,Sample_H,90.0,8.0,1,1,2,5.52
1689,Sample_H,90.0,8.0,1,1,2,5.32
1690,Sample_H,90.0,8.0,1,1,2,2.36
1691,Sample_H,90.0,8.0,1,1,2,6.76
1692,Sample_H,90.0,8.0,1,1,2,4.96
1693,Sample_H,90.0,8.0,1,1,2,6.38
1694,Sample_H,90.0,8.0,1,1,2,4.7
1695,Sample_H,90.0,8.0,1,1,2,4.26
1696,Sample_H,90.0,8.0,1,1,2,4.48
1697,Sample_H,90.0,8.0,1,1,2,6.12
1698,Sample_H,90.0,8.0,1,1,2,3.34
1699,Sample_H,90.0,8.0,1,1,2,5.46
1700,Sample_H,90.0,8.0,1,1,2,4.1
1701,Sample_H,90.0,8.0,1,1,2,1.68
1702,Sample_H,90.0,8.0,1,1,2,2.7
1703,Sample_H,90.0,8.0,1,1,2,1.14
1704,Sample_H,90.0,8.0,1,1,2,1.68
1705,Sample_H,90.0,8.0,1,1,2,3.84
1706,Sample_H,90.0,8.0,1,1,2,4.84
1707,Sample_H,90.0,8.0,1,1,2,1.42
1708,Sample_H,90.0,8.0,1,1,2,3.4
1709,Sample_H,90.0,8.0,1,1,2,2.62
1710,Sample_H,90.0,8.0,1,1,2,3.72
1711,Sample_H,90.0,8.0,1,1,2,4.96
1712,Sample_H,90.0,8.0,1,1,2,4.22
1713,Sample_H,90.0,8.0,1,1,2,3.18
1714,Sample_H,90.0,8.0,1,1,2,3.44
1715,Sample_H,90.0,8.0,1,1,2,5.0
1716,Sample_H,90.0,8.0,1,1,2,4.04
1717,Sample_H,90.0,8.0,1,1,2,4.92
1718,Sample_H,90.0,8.0,1,1,2,2.68
1719,Sample_H,90.0,8.0,1,1,2,1.76
1720,Sample_H,90.0,8.0,1,1,2,5.52
1721,Sample_H,90.0,8.0,1,1,2,4.94
1722,Sample_H,90.0,8.0,1,1,2,2.62
1723,Sample_H,90.0,8.0,1,1,2,1.8
1724,Sample_H,90.0,8.0,1,1,2,3.78
1725,Sample_H,90.0,8.0,1,1,2,2.84
1726,Sample_H,90.0,8.0,1,1,2,3.36
1727,Sample_H,90.0,8.0,1,1,2,4.6
1728,Sample_H,90.0,8.0,1,1,2,3.12
1729,Sample_H,90.0,8.0,1,1,2,4.0
1730,Sample_H,90.0,8.0,1,1,2,2.28
1731,Sample_H,90.0,8.0,1,1,2,1.78
1732,Sample_H,90.0,8.0,1,1,2,4.72
1733,Sample_H,90.0,8.0,1,1,2,3.0
1734,Sample_H,90.0,8.0,1,1,2,2.18
1735,Sample_H,90.0,8.0,1,1,2,4.8
1736,Sample_H,90.0,8.0,1,1,2,3.3
1737,Sample_H,90.0,8.0,1,1,2,5.08
1738,Sample_H,90.0,8.0,1,1,2,5.9
1739,Sample_H,90.0,8.0,1,1,2,2.7
1740,Sample_H,90.0,8.0,1,1,2,3.06
1741,Sample_H,90.0,8.0,1,1,2,1.36
1742,Sample_H,90.0,8.0,1,1,2,3.6
1743,Sample_H,90.0,8.0,1,1,2,3.42
1744,Sample_H,90.0,8.0,1,1,2,3.68
1745,Sample_H,90.0,8.0,1,1,2,2.96
1746,Sample_H,90.0,8.0,1,1,2,3.44
1747,Sample_H,90.0,8.0,1,1,2,3.82
1748,Sample_H,90.0,8.0,1,1,2,4.22
1749,Sample_H,90.0,8.0,1,1,2,4.4
1750,Sample_H,90.0,8.0,1,1,2,5.66
1751,Sample_H,90.0,8.0,1,1,2,2.48
1752,Sample_H,90.0,8.0,1,1,2,2.9
1753,Sample_H,90.0,8.0,1,1,2,3.1
1754,Sample_H,90.0,8.0,1,1,2,4.04
1755,Sample_H,90.0,8.0,1,1,2,4.46
1756,Sample_H,90.0,8.0,1,1,2,1.6
1757,Sample_H,90.0,8.0,1,1,2,1.86
1758,Sample_H,90.0,8.0,1,1,2,1.7
1759,Sample_H,90.0,8.0,1,1,2,2.78
1760,Sample_H,90.0,8.0,1,1,2,2.48
1761,Sample_H,90.0,8.0,1,1,2,4.44
1762,Sample_H,90.0,8.0,1,1,2,4.86
1763,Sample_H,90.0,8.0,1,1,2,3.02
1764,Sample_H,90.0,8.0,1,1,2,3.92
1765,Sample_H,90.0,8.0,1,1,2,2.92
1766,Sample_H,90.0,8.0,1,1,2,1.12
1767,Sample_H,90.0,8.0,1,1,2,4.7
1768,Sample_H,90.0,8.0,1,1,2,3.06
1769,Sample_H,90.0,8.0,1,1,2,4.74
1770,Sample_H,90.0,8.0,1,1,2,2.04
1771,Sample_H,90.0,8.0,1,1,2,2.0
1772,Sample_H,90.0,8.0,1,1,2,2.08
1773,Sample_H,90.0,8.0,1,1,2,5.98
1774,Sample_H,90.0,8.0,1,1,2,4.06
1775,Sample_H,90.0,8.0,1,1,2,4.84
1776,Sample_H,90.0,8.0,1,1,2,5.14
1777,Sample_H,90.0,8.0,1,1,2,1.0
1778,Sample_H,90.0,8.0,1,1,2,2.88
1779,Sample_H,90.0,8.0,1,1,2,3.7
1780,Sample_H,90.0,8.0,1,1,2,3.06
1781,Sample_H,90.0,8.0,1,1,2,5.14
1782,Sample_H,90.0,8.0,1,1,2,4.38
1783,Sample_H,90.0,8.0,1,1,2,5.28
1784,Sample_H,90.0,8.0,1,1,2,5.06
1785,Sample_H,90.0,8.0,1,1,2,4.66
1786,Sample_H,90.0,8.0,1,1,2,4.0
1787,Sample_H,90.0,8.0,1,1,2,4.76
1788,Sample_H,90.0,8.0,1,1,2,3.36
1789,Sample_H,90.0,8.0,1,1,2,5.42
1790,Sample_H,90.0,8.0,1,1,2,3.18
1791,Sample_H,90.0,8.0,1,1,2,4.78
1792,Sample_H,90.0,8.0,1,1,2,5.68
1793,Sample_H,90.0,8.0,1,1,2,2.44
1794,Sample_H,90.0,8.0,1,1,2,3.5
1795,Sample_H,90.0,8.0,1,1,2,4.32
1796,Sample_H,90.0,8.0,1,1,2,4.26
1797,Sample_H,90.0,8.0,1,1,2,3.98
1798,Sample_H,90.0,8.0,1,1,2,3.74
1799,Sample_H,90.0,8.0,1,1,2,3.36
1800,Sample_H,90.0,8.0,1,1,2,3.06
1801,Sample_H,90.0,8.0,1,1,2,4.78
1802,Sample_H,90.0,8.0,1,1,2,5.08
1803,Sample_H,90.0,8.0,1,1,2,4.68
1804,Sample_H,90.0,8.0,1,1,2,2.08
1805,Sample_H,90.0,8.0,1,1,2,2.18
1806,Sample_H,90.0,8.0,1,1,2,3.16
1807,Sample_H,90.0,8.0,1,1,2,3.14
1808,Sample_H,90.0,8.0,1,1,2,3.66
1809,Sample_H,90.0,8.0,1,1,2,3.82
1810,Sample_H,90.0,8.0,1,1,2,2.8
1811,Sample_H,90.0,8.0,1,1,2,4.02
1812,Sample_H,90.0,8.0,1,1,2,3.94
1813,Sample_H,90.0,8.0,1,1,2,3.72
1814,Sample_H,90.0,8.0,1,1,2,4.5
1815,Sample_H,90.0,8.0,1,1,2,4.88
1816,Sample_H,90.0,8.0,1,1,2,6.64
1817,Sample_H,90.0,8.0,1,1,2,5.54
1818,Sample_H,90.0,8.0,1,1,2,4.22
1819,Sample_H,90.0,8.0,1,1,2,6.42
1820,Sample_H,90.0,8.0,1,1,2,5.02
1821,Sample_H,90.0,8.0,1,1,2,2.46
1822,Sample_H,90.0,8.0,1,1,2,4.92
1823,Sample_H,90.0,8.0,1,1,2,6.68
1824,Sample_H,90.0,8.0,1,1,2,6.74
1825,Sample_H,90.0,8.0,1,1,2,2.18
1826,Sample_H,90.0,8.0,1,1,2,1.68
1827,Sample_H,90.0,8.0,1,1,2,2.26
1828,Sample_H,90.0,8.0,1,1,2,3.5
1829,Sample_H,90.0,8.0,1,1,2,3.6
1830,Sample_H,90.0,8.0,1,1,2,3.1
1831,Sample_H,90.0,8.0,1,1,2,1.06
1832,Sample_H,90.0,8.0,1,1,2,4.16
1833,Sample_H,90.0,8.0,1,1,2,3.14
1834,Sample_H,90.0,8.0,1,1,2,4.1
1835,Sample_H,90.0,8.0,1,1,2,3.46
1836,Sample_H,90.0,8.0,1,1,2,4.6
1837,Sample_H,90.0,8.0,1,1,2,4.86
1838,Sample_H,90.0,8.0,1,1,2,2.7
1839,Sample_H,90.0,8.0,1,1,2,2.78
1840,Sample_H,90.0,8.0,1,1,2,2.58
1841,Sample_H,90.0,8.0,1,1,2,4.44
1842,Sample_H,90.0,8.0,1,1,2,4.86
1843,Sample_H,90.0,8.0,1,1,2,3.02
1844,Sample_H,90.0,8.0,1,1,2,3.92
1845,Sample_H,90.0,8.0,1,1,2,4.92
1846,Sample_H,90.0,8.0,1,1,2,3.2
1847,Sample_H,90.0,8.0,1,1,2,4.7
1848,Sample_H,90.0,8.0,1,1,2,3.06
1849,Sample_H,90.0,8.0,1,1,2,4.74
1850,Sample_H,90.0,8.0,1,1,2,2.64
